DATE,CC,moving_average_CC
20200101,3.4566284779050735,0.0
20200102,3.8133547868061144,0.0
20200103,5.44275420336269,0.0
20200104,5.6552845528455284,0.0
20200105,4.164906580016247,0.0
20200106,4.108064516129033,0.0
20200107,5.010342084327765,0.0
20200108,5.1449044585987265,0.24118228295623556
20200109,5.328025477707007,0.21638152727155635
20200110,4.776012708498809,-0.09524878498055411
20200111,5.263754045307444,-0.0559329296482991
20200112,4.02741935483871,-0.01964103216821833
20200113,5.1537242472266245,0.14937996158537015
20200114,5.299920445505171,0.0413683373110576
20200115,4.765687053216839,-0.05417391505455438
20200116,4.033359809372518,-0.1849522383334996
20200117,4.518312101910828,-0.036814372369710746
20200118,6.584142394822006,0.18862690707350893
20200119,5.5880452342487885,0.22294655420143972
20200120,4.948453608247423,-0.029324376997028168
20200121,3.7830940988835726,-0.21668947808880024
20200122,4.375796178343949,-0.055698696410412474
20200123,4.306772908366534,0.0390590141420013
20200124,4.212241653418124,-0.043724349784671546
20200125,5.962873284907183,-0.08875272998783146
20200126,6.373688458434221,0.11223474631220398
20200127,6.150554675118859,0.17172872383877724
20200128,6.752585521081941,0.42421306031405237
20200129,6.527733755942948,0.30741965394271453
20200130,6.043512658227848,0.24810567855161647
20200131,6.487220447284345,0.32499697055231636
20200201,5.497972424979724,-0.06641440856106495
20200202,5.790622473726758,-0.08329514067249466
20200203,5.777513855898654,-0.05329154560288707
20200204,5.831086439333862,-0.13164272596401183
20200205,4.563391442155309,-0.28062033054109126
20200206,3.9420634920634923,-0.3002070237377641
20200207,3.6401906274821285,-0.40671854568603116
20200208,3.6408393866020985,-0.2653047197682321
20200209,4.642394822006472,-0.16403252167432658
20200210,5.940570522979398,0.02329380958296401
20200211,5.854877081681205,0.003398663192476725
20200212,5.365293185419969,0.11455739189495073
20200213,4.787758346581876,0.12081355064548482
20200214,5.445063694267516,0.25783900954076877
20200215,4.9434114793856105,0.18608172754050223
20200216,5.912903225806452,0.18150120054285424
20200217,5.581413820492454,-0.05130810035527844
20200218,4.936608557844691,-0.13118121769092994
20200219,5.535031847133758,0.024248380244826784
20200220,5.180301826846704,0.05607764003783178
20200221,4.868149324861001,-0.0824163384866452
20200222,5.014586709886548,0.010167890071563157
20200223,5.7944760357432985,-0.016918170009021516
20200224,5.046325878594249,-0.0764411345568865
20200225,5.501998401278977,0.08076997763346938
20200226,6.043130990415335,0.07258559189736769
20200227,5.523771790808241,0.049067137708792785
20200228,4.923990498812351,0.00797731056447848
20200229,6.283185840707965,0.18122844726020215
20200301,6.024077046548957,0.03280014440080681
20200302,5.726199842643588,0.0971248520070489
20200303,6.315294117647059,0.1161851023382976
20200304,5.6923076923076925,-0.0501176140153774
20200305,5.171114599686028,-0.05037959873174458
20200306,6.191338582677165,0.18104972626640237
20200307,5.6584,-0.08925512010113756
20200308,4.975160256410256,-0.14984525573410057
20200309,5.745283018867925,0.0027261680320478376
20200310,5.994466403162055,-0.04583253064071435
20200311,5.4134387351778654,-0.03983842244711866
20200312,4.67949725058916,-0.07023104987098172
20200313,4.90558615263572,-0.18367891857734975
20200314,3.923572003218021,-0.24783257096885425
20200315,3.367149758454106,-0.22971578542230642
20200316,3.3317572892040976,-0.34478938995197517
20200317,5.074132492113565,-0.13147627300692744
20200318,3.6039525691699605,-0.25849802371541486
20200319,3.147268408551069,-0.21888983457687017
20200320,4.0221343873517785,-0.12620739504056333
20200321,4.784727863525589,0.1230222657582245
20200322,3.201782820097245,-0.02362384833669484
20200323,2.5496845425867507,-0.11172467808819198
20200324,2.6587677725118484,-0.3450521028002451
20200325,3.1704814522494082,-0.0619244452743648
20200326,3.923930269413629,0.1109516944089366
20200327,2.6797797010228166,-0.19176495518985126
20200328,2.2846655791190864,-0.35715175491521434
20200329,4.577705451586656,0.19656037592705866
20200330,4.739715189873418,0.312861521040952
20200331,3.780952380952381,0.16031208692007626
20200401,2.676067687348912,-0.07063053784292794
20200402,3.0836012861736335,-0.12004699760571302
20200403,3.8325281803542675,0.16467835419020682
20200404,2.481907894736842,0.028177473659679375
20200405,1.4449013157894737,-0.4475434479710265
20200406,1.266560255387071,-0.49616499064090647
20200407,1.624398073836276,-0.30807918673087187
20200408,1.7538091419406576,-0.13175122077260815
20200409,2.2262773722627736,-0.12247484484440818
20200410,2.6327868852459018,-0.17139161358690935
20200411,3.1998348472336913,0.10256099321383538
20200412,3.512396694214876,0.2953564826322004
20200413,5.184039087947883,0.5596398332229735
20200414,4.514011208967173,0.4128018764472703
20200415,3.951316839584996,0.3139296710920485
20200416,3.5518341307814993,0.18936525121696102
20200417,2.8464,0.030516159250585595
20200418,3.9853181076672106,0.11221189434764556
20200419,3.9073770491803277,0.056425764995064576
20200420,2.7162162162162162,-0.3525461245330952
20200421,1.9888089528377297,-0.36074317944706324
20200422,0.879585326953748,-0.4388187875187497
20200423,1.6325543916196616,-0.27418281988026294
20200424,4.165865384615385,0.18849505494505525
20200425,4.08993399339934,0.014945126533161268
20200426,3.642739273927393,-0.037805396464705154
20200427,4.278662420382165,0.22320660059513564
20200428,5.417065390749602,0.48975091970169604
20200429,6.1090617481956695,0.7470680601774173
20200430,5.660256410256411,0.5753860026623929
20200501,6.0403624382207575,0.2677852933721949
20200502,5.338028169014085,0.1782991679449637
20200503,5.087064676616915,0.20633220038421918
20200504,4.855993563958166,0.08247587765371378
20200505,4.918875502008032,-0.07116998410593833
20200506,3.358890701468189,-0.39288157810392565
20200507,2.7391653290529696,-0.417298725886206
20200508,4.035256410256411,-0.2864437182806219
20200509,4.169950738916256,-0.16686820429968918
20200510,5.286181520850368,0.02844526346192211
20200511,5.285031847133758,0.0612911833107983
20200512,4.983213429256595,0.009191132464080098
20200513,5.684843624699278,0.33227898903301334
20200514,5.203037569944045,0.3519817486987247
20200515,5.702788844621514,0.23821891919501503
20200516,4.9180999180999185,0.10687845416909436
20200517,4.233169129720854,-0.15043034158992974
20200518,3.4656549520766773,-0.2599109850081547
20200519,4.62570281124498,-0.05107294543023144
20200520,4.145833333333333,-0.21985861305227683
20200521,3.1348949919224554,-0.29544893971737096
20200522,4.428571428571429,-0.18203105943572595
20200523,5.865793780687397,0.13538483751249686
20200524,5.3246329526916805,0.1559234032815473
20200525,5.337051792828685,0.2673424058217151
20200526,4.2990430622009566,-0.04666567843486025
20200527,3.224,-0.13169047619047713
20200528,4.236044657097288,0.15730709502497664
20200529,3.657120127287192,-0.1102073287548917
20200530,4.106764466177669,-0.2512899020728172
20200531,4.605370219690806,-0.10275181900012598
20200601,2.3231511254019295,-0.43055723820382186
20200602,3.4119521912350597,-0.12672726728084216
20200603,4.835059760956176,0.23015139442231058
20200604,5.997609561752988,0.2516521292365286
20200605,6.1258964143426295,0.35268232672220545
20200606,5.034257748776509,0.13249904037126292
20200607,5.756910569105691,0.1645057642021266
20200608,5.949085123309467,0.5179905711296477
20200609,5.910898965791567,0.3569923963652153
20200610,6.0493630573248405,0.1734718994812381
20200611,4.779293739967898,-0.17404511739787054
20200612,2.9138755980861246,-0.45886011660807213
20200613,3.011400651465798,-0.28897958533010115
20200614,5.275609756097561,-0.06875725900116159
20200615,5.5659777424483305,-0.05472962583730556
20200616,5.5863166268894195,-0.04636890555744966
20200617,5.345816733067729,-0.10050661775101499
20200618,4.996822875297855,0.03107559076142241
20200619,5.23015873015873,0.3308975902960869
20200620,5.640065146579804,0.375523499302
20200621,5.121039805036555,-0.022081421580143257
20200622,4.063391442155309,-0.21465518575614606
20200623,2.290551181102362,-0.47082363511243663
20200624,2.7142857142857144,-0.3759330026831451
20200625,3.4464566929133857,-0.22148088319778125
20200626,3.21591804570528,-0.2877486692076361
20200627,3.266396761133603,-0.3390954836351714
20200628,4.248381877022654,-0.12466541828770072
20200629,5.081038552321007,0.14537815859510017
20200630,4.344583987441131,0.2934332580483954
20200701,4.650234741784038,0.2765641467854749
20200702,5.337245696400626,0.27011271478389176
20200703,5.381846635367762,0.30941836995178207
20200704,4.243824701195219,0.1396325628659456
20200705,3.6874003189792663,-0.08014022257762576
20200706,4.586990595611285,-0.07057827952996032
20200707,3.79715864246251,-0.07820362071123199
20200708,4.569850039463299,-0.011483528902962448
20200709,4.333333333333333,-0.14341605186675643
20200710,4.093187157400156,-0.18409421113822955
20200711,5.26671974522293,0.14612786343252981
20200712,3.6365814696485623,-0.007259835618672383
20200713,4.091482649842272,-0.07078684939557256
20200714,4.522494080505131,0.10361934829180264
20200715,5.460683081810961,0.12726186319252353
20200716,5.954653937947494,0.23161722923059447
20200717,4.999206978588422,0.12943140302689482
20200718,5.172719935431799,-0.013428544255875252
20200719,4.9517296862429605,0.18787831665634247
20200720,3.7220902612826605,-0.052770341222801775
20200721,3.657707509881423,-0.12354093866052995
20200722,4.245253164556962,-0.17363284532199952
20200723,4.28041074249605,-0.23917759935020655
20200724,5.4980237154150196,0.07125953383237071
20200725,4.740384615384615,-0.06176218857816895
20200726,4.923939151321057,-0.003970076417414425
20200727,3.6455893832943014,-0.010928696855479814
20200728,4.16484375,0.07244803430265367
20200729,4.381435257410296,0.019454584693333388
20200730,2.9188134270101482,-0.19451390221227172
20200731,2.10546875,-0.48465070934500254
20200801,2.932,-0.2583406593406594
20200802,5.700882117080995,0.11099185225141905
20200803,6.1098901098901095,0.3520429609422586
20200804,5.549096622152396,0.19775041030748586
20200805,4.472156862745098,0.012960229333542905
20200806,2.7160784313725492,-0.028962142233942778
20200807,1.8664571877454832,-0.034144508893502845
20200808,1.8470209339774557,-0.15499700943179207
20200809,2.5076182838813152,-0.4561805475999545
20200810,2.8746081504702192,-0.46218313705998426
20200811,3.4235294117647057,-0.30365245862681256
20200812,2.794488188976378,-0.23966695339553112
20200813,4.381475667189953,0.23791389083105763
20200814,5.122944400939702,0.4652124590277458
20200815,4.1589456869009584,0.3302749647033574
20200816,3.2446043165467624,0.10528371895220667
20200817,4.699765441751368,0.2607367558973066
20200818,5.167189952904239,0.2490943630199336
20200819,4.083728278041074,0.18417715558067105
20200820,3.505098039215686,-0.1251968039963236
20200821,2.893700787401575,-0.3184633733625901
20200822,4.810289389067524,0.09304910030950975
20200823,5.3016,0.2938565262076054
20200824,4.97478329393223,0.039288264597265865
20200825,3.6215578284815106,-0.2208045892032473
20200826,4.375886524822695,0.04173689239737488
20200827,4.347211311861744,0.12030189609229325
20200828,5.126282557221784,0.3189402528314593
20200829,5.992782678428227,0.16892761276581414
20200830,5.724579663730985,0.060425666247283516
20200831,5.582608695652174,0.08683220024570648
20200901,5.178429817605076,0.22241028416050934
20200902,4.675314465408805,0.04277542008373025
20200903,4.40204563335956,0.007833474499688187
20200904,4.407843137254902,-0.10263420285241232
20200905,4.200960768614892,-0.2559745585447626
20200906,5.621078037007241,-0.014785946674820138
20200907,5.052215189873418,-0.07577050082553605
20200908,3.468725257323832,-0.24424350861160704
20200909,2.8791469194312795,-0.2565953637110745
20200910,3.8710443037974684,-0.07585733279458484
20200911,3.7297084318360914,-0.09687638648840124
20200912,3.1152296535052377,-0.1551044450156649
20200913,3.6685529506871464,-0.2789321551885853
20200914,2.9034045922406966,-0.3069729425189598
20200915,2.87450357426529,-0.08488881186550579
20200916,3.8349056603773586,0.13653696299229656
20200917,4.037676609105181,0.023804615043958588
20200918,2.4607535321821037,-0.1812792713791409
20200919,3.143548387096774,0.004045533370219623
20200920,3.154963680387409,-0.07336989575710495
20200921,2.7606635071090047,-0.020391583590241513
20200922,3.0496845425867507,0.02502585261735124
20200923,5.164826498422713,0.18998869114933603
20200924,5.331230283911672,0.18479338211521323
20200925,6.285375494071146,0.546374565984149
20200926,6.539887187751813,0.4851912572364334
20200927,4.958970233306516,0.2577152218455865
20200928,6.347277032359905,0.5123733607501295
20200929,6.029225908372828,0.4256487665408688
20200930,5.010989010989011,-0.021976783919101628
20201001,5.286274509803921,-0.0064222534439632994
20201002,6.2285938727415555,-0.008111660189941361
20201003,5.929895245769541,-0.0871417059974684
20201004,4.906024096385543,-0.007563733845853626
20201005,5.7680817610062896,-0.08274218162194469
20201006,5.730345911949685,-0.04269714234616373
20201007,6.265098039215686,0.1791584326038116
20201008,5.190551181102363,-0.013674761243080091
20201009,5.345727848101266,-0.12612371780575593
20201010,5.860371267150928,-0.009931996945515387
20201011,6.269789983844911,0.19482369820848078
20201012,6.19887730553328,0.061542220646712664
20201013,5.976340694006309,0.0351421117223758
20201014,5.474429583005508,-0.11295263660145505
20201015,6.285714285714286,0.15645187208741707
20201016,6.448931116389549,0.15760046689832663
20201017,6.2623481781376515,0.05742527299810263
20201018,5.190129449838188,-0.15423721914381705
20201019,4.722882026920032,-0.21085646837332117
20201020,5.474226804123711,-0.0717305556975143
20201021,5.984177215189874,0.0728210903120532
20201022,5.330702446724546,-0.13643026271282022
20201023,5.85973207249803,-0.0841712919845028
20201024,5.783980582524272,-0.06833822794476774
20201025,5.53074433656958,0.048659269533056104
20201026,6.301812450748621,0.22556148911836882
20201027,6.092986603624902,0.08839425707159965
20201028,5.3947990543735225,-0.08419688011662174
20201029,6.0261075949367084,0.09934359260173586
20201030,6.073575949367089,0.030549125267009813
20201031,5.279640228945217,-0.0720486219398655
20201101,6.7821138211382115,0.17876706922409014
20201102,6.173184357541899,-0.018375441886673727
20201103,5.5363924050632916,-0.07951345693737277
20201104,5.769716088328075,0.05355957627922159
20201105,4.832278481012659,-0.17054701627486413
20201106,3.698098256735341,-0.33935395609024965
20201107,3.1124694376528117,-0.30959582732748725
20201108,4.219133278822567,-0.3661400774736636
20201109,5.24228028503563,-0.13298629607232293
20201110,5.982649842271293,0.06375106245828466
20201111,6.559589581689029,0.11283907048013742
20201112,6.235946159936659,0.20052395413199964
20201113,5.7218700475435815,0.2891102558297485
20201114,5.674493927125506,0.3660034984960987
20201115,5.881685575364668,0.23750747093458635
20201116,6.634281200631912,0.19885727365661232
20201117,5.805071315372425,-0.02536836098555284
20201118,4.006329113924051,-0.36475149539499707
20201119,5.354889589905363,-0.12586522429018565
20201120,4.373617693522907,-0.19260747914581078
20201121,3.9025182778229084,-0.2531393784717988
20201122,4.110479285134037,-0.2530294700329474
20201123,4.974703557312253,-0.23708252047423706
20201124,4.8600790513834,-0.13499889485557492
20201125,5.1976284584980235,0.1701856206534238
20201126,4.837539432176656,-0.07390716538981401
20201127,4.834651898734177,0.06586202931589469
20201128,5.639902676399027,0.2481977712251595
20201129,5.422638436482084,0.18745130733543558
20201130,5.105555555555555,0.018693142606186264
20201201,5.564285714285714,0.1006009518431874
20201202,6.3107255520504735,0.1590138705074926
20201203,6.559335443037975,0.24597085869447533
20201204,6.4794303797468356,0.23496835443037867
20201205,6.535656401944895,0.1279648179351245
20201206,6.769789983844911,0.19245022105183285
20201207,6.5307262569832405,0.20359581448966946
20201208,6.493589743589744,0.13275771847200435
20201209,7.079527559055118,0.10982885814352006
20201210,7.106215578284815,0.07812573360669184
20201211,6.833464877663773,0.05057635684527728
20201212,6.88582995951417,0.050024793938466594
20201213,7.082658022690437,0.04469543412078991
20201214,6.465354330708662,-0.009338846610654095
20201215,6.678376268540203,0.02639807499292246
20201216,6.38503937007874,-0.09921259842519614
20201217,6.064313725490196,-0.14884312182780324
20201218,5.729984301412872,-0.15764008232155735
20201219,5.510483870967742,-0.1964780126494894
20201220,6.361581920903955,-0.10301087168378409
20201221,6.580441640378549,0.0164410442385563
20201222,6.862450592885375,0.026296332049310145
20201223,6.319301032565528,-0.009391191073316207
20201224,6.416264090177133,0.050278623526705424
20201225,6.271186440677966,0.07731459132358509
20201226,5.380452342487883,-0.018575932639980586
20201227,5.591606133979015,-0.10999654098927625
20201228,6.917197452229299,0.04810797312153525
20201229,5.967382657120127,-0.1278668479664642
20201230,6.066241021548284,-0.03615143014532052
20201231,5.473811442385173,-0.13463609254170894
20210101,6.275974025974026,0.0006839407565806255
20210102,6.733171127331711,0.19324554069197575
20210103,6.289195775792039,0.09965566311614538
20210104,6.32306477093207,-0.08487609732817525
20210105,6.452456418383518,0.06929625160905584
20210106,6.753402722177742,0.09816595723277999
20210107,6.152689873417722,0.09698263300465015
20210108,6.36600790513834,0.012861982737758737
20210109,5.782995951417004,-0.13573931084495783
20210110,5.54914703493095,-0.10572124869444188
20210111,4.66798418972332,-0.23644008302982034
20210112,5.597474348855564,-0.12214029564685092
20210113,5.521636506687647,-0.17596660221287053
20210114,6.2952755905511815,0.020369388161921798
20210115,5.400315208825847,-0.13795609947321275
20210116,5.556275303643725,-0.032388663967610754
20210117,6.202101859337106,0.09327926062945036
20210118,6.103529411764706,0.20507788886305445
20210119,6.030636292223095,0.061880277623934
20210120,5.794811320754717,0.03902497343815181
20210121,5.901729559748428,-0.05622086154324979
20210122,5.972419227738377,0.08172914555893218
20210123,6.766612641815235,0.17290533402450148
20210124,6.172441579371474,-0.004237182852232735
20210125,6.093700787401575,-0.0014040891947324496
20210126,5.827694728560189,-0.028991651951844943
20210127,5.9590551181102365,0.02346339962221844
20210128,6.489779874213837,0.08400718778077199
20210129,6.287175452399685,0.04496517495161534
20210130,5.883589329021827,-0.12614618754191476
20210131,5.600644122383253,-0.08168535099831864
20210201,5.386363636363637,-0.10104816443399045
20210202,6.339103068450039,0.07305833426997843
20210203,6.163265306122449,0.029172884001745558
20210204,5.281225451688924,-0.1726506317892742
20210205,5.331496062992126,-0.1365256270582229
20210206,6.054163298302345,0.02436770989721726
20210207,6.63416599516519,0.14764598182599098
20210208,6.462323390894819,0.15370853636159687
20210209,6.226237234878241,-0.016123690510256417
20210210,6.2177672955974845,0.007785998496433244
20210211,4.5165354330708665,-0.10924143123115027
20210212,2.9,-0.347356580427447
20210213,2.61034761519806,-0.49197366901489836
20210214,2.820823244552058,-0.5447632500875894
20210215,4.566587864460205,-0.27081936091923087
20210216,6.246456692913386,0.0028884940050204477
20210217,5.8958168902920285,-0.04599291504363556
20210218,5.232649842271293,0.10230205845720253
20210219,5.666929755327545,0.3952756793325065
20210220,5.0712550607287445,0.3515582065043841
20210221,3.917874396135266,0.15672159308331501
20210222,3.302911093627065,-0.18052525297616295
20210223,3.431496062992126,-0.4021372328458943
20210224,3.147798742138365,-0.3925740211648092
20210225,2.5998421468034727,-0.3761153850668304
20210226,3.166270783847981,-0.3572369959256525
20210227,4.4792514239218875,-0.08457194811526536
20210228,2.718927701056052,-0.17127809929703064
20210301,2.770998415213946,-0.07598752548758814
20210302,2.3138339920948616,-0.1596660101281806
20210303,4.392265193370166,0.17778092160454273
20210304,5.687993680884676,0.44116450486874337
20210305,4.830696202531645,0.2377750598119519
20210306,3.158447857720291,-0.18868622374308464
20210307,3.6811945117029863,0.1374666872352761
20210308,4.401419558359621,0.23291730616366824
20210309,5.2718676122931445,0.4225762314568975
20210310,5.321739130434783,0.1327819910092316
20210311,6.4454976303317535,0.10821484992100938
20210312,5.605700712589074,0.11071493000820531
20210313,5.697165991902834,0.36267401916893416
20210314,6.616194331983806,0.419285688611545
20210315,5.719367588932807,0.18827829008188424
20210316,5.433887569279493,0.023145708140907217
20210317,5.220820189274448,-0.014416991594334405
20210318,5.3962115232833465,-0.1498980152926288
20210319,5.0047430830039525,-0.0858510899407321
20210320,5.504846526655896,-0.02747420932098965
20210321,5.808562197092084,-0.1153760192702471
20210322,5.73296354992076,0.0019422801411357327
20210323,4.898264984227129,-0.0765175121503372
20210324,3.4596518987341773,-0.25159547007718164
20210325,3.6014206787687453,-0.25639869207351396
20210326,3.298895899053628,-0.24369245485004676
20210327,5.224737267582862,-0.040015608439004424
20210328,5.088781275221953,-0.10282584598144773
20210329,5.039619651347068,-0.0990491283676711
20210330,2.977742448330684,-0.27436036227091964
20210331,2.1671949286846277,-0.1846367100070787
20210401,3.778225806451613,0.02525787538326707
20210402,4.979457682826623,0.24008025482471274
20210403,4.757774140752864,-0.066709018118571
20210404,3.5849056603773586,-0.21483937354922755
20210405,4.565567176186645,-0.06772178216577451
20210406,5.002377179080824,0.289233532964305
20210407,5.304829770387965,0.44823354881476263
20210408,4.469745222929936,0.09878848806833229
20210409,4.82264449722882,-0.022401883656828936
20210410,4.519152404237979,-0.03408881950212628
20210411,5.1912123677786814,0.22947238677161774
20210412,5.8878357030015795,0.18889550383070386
20210413,5.892772041302621,0.12719926603168563
20210414,4.910898965791567,-0.056275829228056296
20210415,4.735247208931419,0.03792885514306921
20210416,4.187153053132435,-0.09078449201377037
20210417,4.889520714865963,0.05290975866114156
20210418,5.1022727272727275,-0.01270566292942199
20210419,4.752170481452249,-0.16223788879276224
20210420,3.585308056872038,-0.32963771206151193
20210421,3.7644268774703558,-0.1637817269030295
20210422,4.914173228346456,0.025560859916433643
20210423,2.724028548770817,-0.2090177863373741
20210424,3.4695369618196588,-0.2028548218637578
20210425,3.8461538461538463,-0.1794455544455542
20210426,3.8456692913385826,-0.1295001700162386
20210427,3.7092198581560285,0.017701685897713038
20210428,3.963636363636364,0.028458498023715695
20210429,5.597003154574132,0.09754713231823953
20210430,5.3035573122529645,0.36850410906887854
20210501,5.58999192897498,0.3029221381650453
20210502,5.86709886547812,0.2887064313320389
20210503,4.662194159431729,0.11664640972759255
20210504,4.756714060031595,0.1496420288393665
20210505,5.602371541501976,0.23410502540937372
20210506,5.72432859399684,0.018189348488957258
20210507,5.263823064770932,-0.005676321068861512
20210508,3.6612641815235007,-0.2755325353502105
20210509,3.645109135004042,-0.31742710435344
20210510,4.4380426203630625,-0.03202164843838062
20210511,4.628548895899054,-0.01830930916179163
20210512,5.692429022082019,0.012865354368576831
20210513,5.984908657664813,0.037225723381139275
20210514,5.8131955484896665,0.07848178338839062
20210515,6.288617886178862,0.3753362435221952
20210516,5.9176854115729425,0.32465375379555717
20210517,5.89802371541502,0.2085687278645647
20210518,5.400473933649289,0.11027500539289203
20210519,5.521360759493671,-0.02443832322690831
20210520,4.80190174326466,-0.16900098777145
20210521,5.5605700712589075,-0.03608935389010881
20210522,5.906351791530945,-0.054609442092559135
20210523,5.7052117263843645,-0.03035338359836892
20210524,5.953525641025641,0.007928846515803833
20210525,5.910317460317461,0.07283478952402422
20210526,5.065027755749405,-0.06519042910632322
20210527,5.7787470261697065,0.13954932612929216
20210528,4.414614773629865,-0.16370789966129173
20210529,4.073409461663948,-0.2618489042667136
20210530,2.9837000814995926,-0.38878737784068296
20210531,2.5430622009569377,-0.487209062866957
20210601,2.7285031847133756,-0.45454489651486885
20210602,2.800632911392405,-0.32348497776528573
20210603,3.085191082802548,-0.38479370619530906
20210604,4.016640253565769,-0.05685350286629953
20210605,4.775444264943457,0.10029068618278725
20210606,5.103727714748785,0.3028610904641704
20210607,4.356240126382306,0.25902541791790945
20210608,4.098736176935229,0.19574757031740786
20210609,3.741884402216944,0.13446449868921917
20210610,3.840981012658228,0.10796998997938356
20210611,4.48256735340729,0.06656101426307437
20210612,4.842787682333873,0.009620488198630817
20210613,3.004038772213247,-0.29995556321936157
20210614,2.311268715524035,-0.292138772979754
20210615,3.640661938534279,-0.06543917691442136
20210616,3.0984251968503935,-0.09192274362379305
20210617,2.3291239147592737,-0.2159795854141362
20210618,2.9857932123125495,-0.21382487729924904
20210619,3.6186234817813765,-0.17488060007892736
20210620,5.0105433901054335,0.2866435168417407
20210621,4.376674546887313,0.2950579759090397
20210622,4.380348652931854,0.10566953062822515
20210623,4.765265662172879,0.23812006647464035
20210624,4.701030927835052,0.3388438590108258
20210625,5.356012658227848,0.33860277798789973
20210626,4.123476848090983,0.07212190947280117
20210627,3.8729773462783172,-0.16250943483244473
20210628,3.2969121140142517,-0.15425177612472396
20210629,4.3171701112877585,-0.009025505949156631
20210630,5.1545741324921135,0.05561549575989133
20210701,5.1310181531176005,0.061426746468935534
20210702,4.37776025236593,-0.1397503436945602
20210703,3.639225181598063,-0.0691788094989878
20210704,5.018683996750609,0.16367237863889894
20210705,4.867193675889328,0.22432593741072537
20210706,3.5376088677751385,-0.11136589193037505
20210707,4.46093133385951,-0.09909182837608643
20210708,4.6899841017488075,-0.06300486448125575
20210709,4.7430610626486915,0.05218583004039434
20210710,3.9673202614379086,0.04687072569140671
20210711,4.828035859820701,-0.02723544813284473
20210712,3.415003990422985,-0.20745566935233395
20210713,4.717131474103586,0.16850322947549223
20210714,4.913285600636436,0.06462203811098899
20210715,4.80047885075818,0.0157849641441965
20210716,4.428685258964143,-0.04491082909779287
20210717,4.720228384991843,0.10755830336484795
20210718,4.356677524429967,-0.0673369050558188
20210719,3.6296,0.030656572796716297
20210720,3.6889067524115755,-0.14688924595600206
20210721,2.723336006415397,-0.31284994203157623
20210722,3.0585874799357944,-0.24884162440319857
20210723,2.858974358974359,-0.22424441428425457
20210724,3.56019656019656,-0.16571883211361182
20210725,4.287356321839081,-0.009903028941555814
20210726,4.47096260938743,0.12019465848391908
20210727,4.315747402078338,0.08954866423810914
20210728,4.65818759936407,0.27640737042123886
20210729,3.296738265712013,0.03402154082517406
20210730,3.9538583929992046,0.1564120048606923
20210731,5.16516762060507,0.22928158005835808
20210801,6.256723716381418,0.2813381992203352
20210802,5.104382470119522,0.09048855153315571
20210803,5.089228295819936,0.11049727053451353
20210804,5.575974542561655,0.13111242045679727
20210805,5.21451355661882,0.27396789870097304
20210806,4.397292993630574,0.06334780009019525
20210807,4.577832110839446,-0.08390507282366055
20210808,5.416393442622951,-0.12004718196549558
20210809,4.5266084193804605,-0.0825391501055801
20210810,3.8850758180367118,-0.17202178254046085
20210811,3.5963229416466826,-0.28280737155928115
20210812,3.2200956937799043,-0.28491683754841635
20210813,3.858173076923077,-0.07701713095821461
20210814,3.400990099009901,-0.16812028740422047
20210815,4.3467874794069195,-0.15280085188800419
20210816,5.4624697336561745,0.13369447346795882
20210817,5.4547638110488395,0.224241141858875
20210818,5.647292993630574,0.29299572171198474
20210819,5.3248,0.3006720437457284
20210820,4.4184,0.08003241758241764
20210821,3.4708299096138044,0.009977115800557712
20210822,5.338499184339315,0.14167310070462857
20210823,4.870710295291301,-0.08453706262355354
20210824,5.231259968102074,-0.031929120420967294
20210825,4.245810055865922,-0.20021184825209382
20210826,5.701923076923077,0.05387472527472603
20210827,5.560192616372392,0.16311323091034247
20210828,5.709991876523152,0.31988028098704824
20210829,5.847843775427177,0.07276351301255257
20210830,5.363492063492063,0.07039739545725165
20210831,4.919713831478537,-0.04450659094621923
20210901,3.9364069952305245,-0.04420043723362799
20210902,2.9187250996015934,-0.3975997110459266
20210903,2.157097288676236,-0.48615647538516527
20210904,2.42671009771987,-0.4690402541147547
20210905,2.550204081632653,-0.4710913848277891
20210906,3.3996802557953636,-0.2805445439566716
20210907,4.617106314948042,-0.043229645218642254
20210908,2.3661290322580646,-0.22432542328178018
20210909,2.464630225080386,-0.06487069636017173
20210910,3.505672609400324,0.19265361724629804
20210911,4.740228013029316,0.3305025593299211
20210912,4.857142857142857,0.3295626822157427
20210913,4.432324840764331,0.14752065499556677
20210914,3.8247011952191237,-0.11320073138984466
20210915,5.395534290271132,0.43277217971615256
20210916,6.474481658692185,0.5728359190873995
20210917,5.957836117740652,0.35030907262004707
20210918,5.324368378158109,0.08344862358982663
20210919,5.967293540474244,0.1585929547616276
20210920,6.411437648927721,0.28273040116619885
20210921,5.932646592709984,0.30113505678440866
20210922,5.554494828957836,0.02270864838381481
20210923,4.20398406374502,-0.3243567992781662
20210924,4.4525139664804465,-0.2150460216086021
20210925,3.268352365415987,-0.293716573248874
20210926,3.984489795918367,-0.2832576777936957
20210927,5.311358220810167,-0.1571542040167948
20210928,5.11376292760541,-0.11698338072922443
20210929,6.0,0.0636435958631667
20210930,5.30166270783848,0.1568112348704931
20211001,4.7887550200803215,0.04803443622855408
20211002,4.976441917140536,0.244012793103507
20211003,5.182410423452769,0.17113151821919992
20211004,5.0632506004803846,-0.03544394576139709
20211005,5.727126805778491,0.08762341116758332
20211006,6.34049323786794,0.04864189112399053
20211007,5.476114649681529,0.024921705977579478
20211008,4.248605577689243,-0.07716420605586904
20211009,3.247967479674797,-0.24692491963796215
20211010,4.259919028340081,-0.13178448501609807
20211011,4.677316293929713,-0.05513347236438193
20211012,5.23021582733813,-0.07098728263433784
20211013,4.857371794871795,-0.2118744918565918
20211014,5.568690095846645,0.01322506373787391
20211015,4.517571884984026,0.038423758184968904
20211016,4.3002441008950365,0.15032523160289113
20211017,4.253839935327405,-0.000868441858953517
20211018,4.366265060240964,-0.04443589052696417
20211019,5.599518459069021,0.052757518818698834
20211020,5.257234726688103,0.057123275973758325
20211021,5.582601755786113,0.001987379991351901
20211022,4.534235668789809,0.0023805405436840843
20211023,3.8572593800978794,-0.06328353154245114
20211024,2.8165728077232504,-0.2053238753720228
20211025,4.585055643879174,0.03125579766260156
20211026,5.095123900879297,-0.07205636545567451
20211027,4.377388535031847,-0.12569231309375084
20211028,3.426059152677858,-0.3080775147297503
20211029,3.7210231814548362,-0.11617321247642476
20211030,4.482562854825629,0.0893290678182499
20211031,4.495153473344104,0.23979723794583663
20211101,5.369406021155411,0.1120500538966045
20211102,5.825878594249201,0.10439352762427223
20211103,6.358339984038308,0.28299306414377945
20211104,6.1504,0.3891915496174496
20211105,5.430055955235812,0.24414753911156684
20211106,4.350691619202604,-0.018838747946144707
20211107,4.853678253839935,0.05121782578511791
20211108,5.359872611464968,-0.0013619156700626078
20211109,4.450558213716109,-0.19647434007615683
20211110,4.465338645418327,-0.2704287626599964
20211111,4.581920903954802,-0.2240684422921717
20211112,5.1456,-0.04063656503368751
20211113,6.387254901960785,0.2909376118225966
20211114,6.394971613949716,0.22018476572996892
20211115,6.352707006369426,0.14183348498635162
20211116,6.320031923383879,0.2670676728096817
20211117,6.53030303030303,0.29499491212638596
20211118,5.5620031796502385,0.14001175367077678
20211119,5.297211155378486,0.021658736482640606
20211120,5.043124491456469,-0.19201863007204523
20211121,4.650651465798045,-0.24918859259309478
20211122,5.365971107544142,-0.14096227126075522
20211123,4.551394422310757,-0.2526625001533036
20211124,4.663745019920318,-0.26665114434038717
20211125,5.522781774580336,-0.005603057867129557
20211126,6.592828685258964,0.18508821855435453
20211127,6.393694421988682,0.19293856150460176
20211128,6.462348178137652,0.25881381604851494
20211129,6.151515151515151,0.11222057771014438
20211130,5.956903431763767,0.20078700135043004
20211201,5.816639741518578,0.1646992459426082
20211202,6.104967948717949,0.08316945344823168
20211203,5.256224899598394,-0.19094339795151072
20211204,6.3628173628173625,-0.004411008453046428
20211205,6.629176854115729,0.023832667996869006
20211206,6.001616814874697,-0.0214140480914935
20211207,5.735008103727715,-0.03169933257657931
20211208,6.223844282238443,0.058172077245695064
20211209,6.981466559226431,0.12521408721549676
20211210,6.247372675828617,0.14159253946146055
20211211,6.507793273174733,0.020710844336767842
20211212,6.035130718954249,-0.08486373359449662
20211213,6.374193548387097,0.05322524764462777
20211214,6.170692431561997,0.06224061826203986
20211215,6.265914585012087,0.0060100432533793935
20211216,5.193392425463336,-0.2554391619661569
20211217,4.81568310428456,-0.20452708164915112
20211218,5.163214581607291,-0.1920826702239209
20211219,4.426666666666667,-0.22978057889822612
20211220,3.994377510040161,-0.33997371976384816
20211221,3.667741935483871,-0.35756435658258834
20211222,4.839935327405012,-0.20371132251529733
20211223,6.252237591537836,0.15126359515350085
20211224,6.007413509060956,0.17024720068234167
20211225,4.983511953833471,-0.025671803967688867
20211226,5.043765483071842,0.08815697377216747
20211227,5.585644371941273,0.22732383741444462
20211228,6.413877551020408,0.39230508793379215
20211229,6.625816993464053,0.25512595229414803
20211230,6.466067048242028,0.030547065243456295
20211231,4.821635012386458,-0.16939692809635698
20220101,5.561,0.0824982923095039
20220102,6.111,0.15246207384688049
20220103,6.121449559255632,0.07654359818776513
20220104,6.15929203539823,-0.03636935937459729
20220105,6.019646365422397,-0.08659580400595068
20220106,3.8306930693069305,-0.37648199699072826
20220107,4.548133595284872,-0.0390716310145125
20220108,5.673038229376258,0.01600546133946601
20220109,6.101,-0.0014285714285717788
20220110,5.860373647984267,-0.03729655875305227
20220111,5.255653883972468,-0.1290911644893944
20220112,4.930392156862745,-0.15560774407994948
20220113,4.352015732546706,0.0744746661771103
20220114,3.175024582104228,-0.19615843045437753
20220115,4.066198595787362,-0.229548519084128
20220116,5.2119402985074625,-0.12700852878464808
20220117,4.542156862745098,-0.18831668360559561
20220118,4.562130177514793,-0.09907481520823946
20220119,4.577450980392157,-0.0504201680672276
20220120,4.6400394477317555,0.041146245026435935
20220121,4.5122669283611385,0.19103462089384493
20220122,5.919839679358717,0.2648058690816226
20220123,5.7432835820895525,0.07590618336886834
20220124,5.078354554358472,0.07659967023048342
20220125,4.926732673267327,0.0520860708217894
20220126,5.640718562874252,0.15189536892601385
20220127,5.918226600985221,0.1825981647504955
20220128,5.008840864440079,0.07093913372556315
20220129,5.794205794205794,-0.017947697878989644
20220130,4.767232767232767,-0.13943583069382637
20220131,5.447394296951819,0.05271996322762096
20220201,6.057843137254902,0.16158720914108216
20220202,5.685239491691105,0.006360132688121745
20220203,6.211350293542075,0.0418748132224076
20220204,6.0361328125,0.1467559925799895
20220205,4.863,-0.13302939917225576
20220206,5.734265734265734,0.13814756671899442
20220207,4.821114369501466,-0.08946856106433643
20220208,5.190382728164868,-0.12392291558428958
20220209,4.129285014691479,-0.22227921099994763
20220210,4.185185185185185,-0.28945215833669913
20220211,4.3203125,-0.2451171875
20220212,3.973973973973974,-0.12700371800371713
20220213,4.532064128256513,-0.17174308657274562
20220214,4.419512195121952,-0.057371739197074056
20220215,5.693658536585366,0.07189654406007229
20220216,6.362389813907933,0.31901497131663525
20220217,5.712047012732615,0.21812311822106167
20220218,5.117302052785924,0.11385565039798884
20220219,5.2635814889336014,0.18422964499423333
20220220,5.619718309859155,0.15537916880037628
20220221,5.8876953125,0.20974044533972158
20220222,4.979472140762463,-0.1020266279746993
20220223,4.363992172211351,-0.2854853773852275
20220224,5.124387855044074,-0.0839513082412191
20220225,4.72843137254902,-0.05555295431955809
20220226,4.081653225806452,-0.16884689473245018
20220227,2.645771144278607,-0.42484959508293496
20220228,2.23069403714565,-0.5224287536220507
20220301,3.015686274509804,-0.2805408380360941
20220302,3.466275659824047,-0.12824521605532846
20220303,2.591219512195122,-0.36188119183556466
20220304,3.143277723258096,-0.22645052132727495
20220305,3.67935871743487,-0.05747064405308322
20220306,4.60515873015873,0.2799125122685888
20220307,3.9599609375,0.24703812862205066
20220308,2.5947006869479883,-0.060140798223116576
20220309,2.64613880742913,-0.11716240748498885
20220310,2.595890410958904,0.0006672712519693036
20220311,2.3399014778325125,-0.11476803506079802
20220312,2.6907630522088355,-0.14122795217514783
20220313,2.208791208791209,-0.34233821733821657
20220314,3.3441176470588236,-0.08797761292016881
20220315,5.103857566765579,0.3584509828310849
20220316,5.3597989949748746,0.3876657410779627
20220317,5.550200803212851,0.4220443417505648
20220318,4.092337917485265,0.25034806280753585
20220319,2.4026639344262297,-0.0411570168260873
20220320,2.067269076305221,-0.020217447497997476
20220321,2.163951120162933,-0.1685952181279844
20220322,1.8175473579262214,-0.46947288697705103
20220323,1.4906588003933137,-0.5527343135116518
20220324,1.77179236043095,-0.5397726346831289
20220325,2.2615535889872174,-0.2615406183568638
20220326,2.635,0.033190866510538486
20220327,3.0343434343434343,0.1381534797197448
20220328,3.180099502487562,0.14516405461780435
20220329,5.3546453546453545,0.5052997138170188
20220330,5.569444444444445,0.5826836634358763
20220331,5.690476190476191,0.5598119757207485
20220401,5.426865671641791,0.45218744037922454
20220402,5.048632218844984,0.3448046026921405
20220403,5.081983805668016,0.29252005304636874
20220404,5.551792828685259,0.33881333231395594
20220405,5.77029702970297,0.05937881072251727
20220406,5.384231536926148,-0.026458986788327366
20220407,5.709036742800397,0.0026515074748862943
20220408,5.942345924453281,0.0736400361159264
20220409,5.371458551941238,0.04611804758518012
20220410,4.679874869655891,-0.0574441337160172
20220411,4.18436873747495,-0.1953462987443304
20220412,4.783168316831683,-0.14101838755304108
20220413,5.228260869565218,-0.022281523908704415
20220414,4.8695219123505975,-0.11993069006425738
20220415,4.657258064516129,-0.18358397999102127
20220416,3.6862348178137654,-0.2407462477324973
20220417,2.5737538148524925,-0.30087443640048495
20220418,3.0230923694779115,-0.1658966239995765
20220419,3.698903290129611,-0.1548950038145822
20220420,3.0479041916167664,-0.31147952542120727
20220421,3.729353233830846,-0.16288123978853575
20220422,4.155533399800598,-0.07167495210221864
20220423,4.199386503067485,0.07330738360767386
20220424,4.551619433198381,0.28255223119227013
20220425,4.525373134328358,0.21461153783577824
20220426,4.890329012961117,0.17020367469021558
20220427,4.524426719840479,0.21093178974624394
20220428,3.602970297029703,-0.018054705257306125
20220429,4.574678536102868,0.059877876614610415
20220430,5.33030303030303,0.16155950389079177
20220501,5.251261352169526,0.09994884556730632
20220502,4.431293881644935,-0.013439893240488665
20220503,4.2442442442442445,-0.09229782410241061
20220504,4.923306772908367,0.056982864723984505
20220505,4.846460618145564,0.17764147444512268
20220506,4.673978065802592,0.014185647099960619
20220507,4.944728761514841,-0.055082038398312605
20220508,3.931211498973306,-0.18857855045660354
20220509,2.85985985985986,-0.22449057454072463
20220510,4.398,0.021965107965107755
20220511,4.5294705294705295,-0.05626232049111923
20220512,4.424849699398798,-0.06023013124953813
20220513,4.9156626506024095,0.03452636925711605
20220514,4.131958762886598,-0.11610999980403403
20220515,3.169907881269191,-0.10875765967201634
20220516,4.1834496510468595,0.18908425588385658
20220517,4.274725274725275,-0.017610675039246182
20220518,3.5199203187250996,-0.1442214586779178
20220519,4.520040080160321,0.01359862582307425
20220520,5.081,0.023619621342513497
20220521,5.241555783009212,0.1585138600175151
20220522,4.61491317671093,0.20642932792024915
20220523,4.861415752741775,0.09685230024212999
20220524,5.144278606965174,0.12422190460570093
20220525,5.1940298507462686,0.2391585045744522
20220526,4.809859154929577,0.04140272496703634
20220527,4.713995943204869,-0.05242915097073286
20220528,5.116207951070336,-0.017906833134125222
20220529,5.242609582059123,0.08967091504974256
20220530,5.176587301587301,0.04502450697793137
20220531,4.862959285004965,-0.040188474565743704
20220601,4.71868787276342,-0.06790599685469267
20220602,4.617148554336989,-0.027530085798941784
20220603,4.346346346346347,-0.05252137097978782
20220604,4.0992835209826,-0.14527491858396235
20220605,4.02258726899384,-0.17428890186646928
20220606,4.288597376387488,-0.12685570359997378
20220607,5.044,0.02586295928500526
20220608,5.679320679320679,0.1372332580796085
20220609,5.190428713858425,0.08189716564591976
20220610,4.228542914171657,-0.01682906173924259
20220611,3.400408580183861,-0.09983927725696162
20220612,3.268641470888662,-0.10770654258645518
20220613,4.264529058116232,-0.0034383311816075235
20220614,3.9397590361445785,-0.1577487091222025
20220615,3.5826693227091635,-0.2995216223730739
20220616,4.270541082164328,-0.13141251881344207
20220617,4.552104208416834,0.0462230420350247
20220618,3.109165808444902,-0.0416061102484222
20220619,3.161060142711519,-0.015368761168163214
20220620,4.11623246492986,-0.021185227598053302
20220621,4.391959798994975,0.06460010897862833
20220622,4.2342342342342345,0.09308070164643834
20220623,2.9138276553106213,-0.19381620383624387
20220624,3.4452261306532663,-0.1581254396805094
20220625,3.5168884339815762,0.0582460893623824
20220626,3.1577868852459017,-0.00046760820937441494
20220627,3.5748502994011977,-0.07734030936123748
20220628,3.5725725725725725,-0.11705531806034264
20220629,4.098890010090817,-0.019334889163345803
20220630,3.467871485943775,0.07914911866187913
20220701,4.359437751004016,0.13060166005010698
20220702,3.135135135135135,-0.05453618554949102
20220703,3.0319917440660475,-0.017970734454265447
20220704,3.9228426395939087,0.04971319145610176
20220705,4.309475806451613,0.10527189055414876
20220706,4.592517694641051,0.07051824065003309
20220707,5.355555555555555,0.26966915280168324
20220708,4.588353413654619,0.03270223752151402
20220709,4.746145940390544,0.23014440075077314
20220710,4.816786079836233,0.25497061939574106
20220711,4.052052052052052,0.018458487494020126
20220712,3.687061183550652,-0.08891637470013691
20220713,4.1791791791791795,-0.05904835935169661
20220714,4.404595404595405,-0.1358514501371637
20220715,4.3216432865731464,-0.03810144672592486
20220716,3.746161719549642,-0.1428548886915575
20220717,3.6986721144024517,-0.1597305664905404
20220718,3.97997997997998,-0.010296010296010571
20220719,1.8221778221778222,-0.26641190876754717
20220720,2.4335664335664338,-0.249373249373249
20220721,3.7824351297405188,-0.08888003926498333
20220722,4.102204408817635,-0.031348411107930296
20220723,4.5835897435897435,0.11963257486287171
20220724,3.716768916155419,0.0025852573932807488
20220725,4.093812375249501,0.016261770752788784
20220726,5.368368368368368,0.5065986494557921
20220727,4.797808764940239,0.33774890448197237
20220728,4.184262948207171,0.05740397406666453
20220729,4.427290836653387,0.04644091826225072
20220730,4.484725050916497,-0.014123527524749768
20220731,4.64867617107943,0.13312960784628736
20220801,4.620517928286852,0.07524365043390713
20220802,4.571142284569138,-0.11388944054274752
20220803,3.50199203187251,-0.18511667615253202
20220804,3.167497507477567,-0.14525220581851528
20220805,4.012024048096192,-0.05932382693674221
20220806,3.936279547790339,-0.07834935758945161
20220807,3.7862985685071573,-0.12319680036746705
20220808,3.3570712136409226,-0.18049238780656118
20220809,2.546360917248255,-0.2892544810458406
20220810,2.4695304695304694,-0.1474945089060058
20220811,2.1733870967741935,-0.1420157729576248
20220812,2.213709677419355,-0.2569020529538335
20220813,3.47781217750258,-0.06549533861253698
20220814,3.4727085478887743,-0.0447985743740551
20220815,4.342131979695432,0.14072296657921557
20220816,3.6246246246246248,0.1540376724823389
20220817,4.514141414141414,0.29208727780156307
20220818,4.748490945674044,0.3678719784142648
20220819,5.151057401812689,0.4196211034847619
20220820,5.015641293013556,0.21968987364442505
20220821,4.561728395061729,0.15557426388185114
20220822,4.288461538461538,-0.007667205890556694
20220823,3.772406847935549,0.02111174618727496
20220824,3.4200404858299596,-0.15630013261592168
20220825,3.0040609137055836,-0.2492042902812095
20220826,4.282961460446248,-0.12401370590949057
20220827,4.878504672897196,-0.01959094573090958
20220828,4.3254376930998975,-0.03375581456597532
20220829,4.306435137895812,0.002567657062038986
20220830,4.223350253807107,0.06442048655307975
20220831,4.697368421052632,0.18247541931752398
20220901,4.069630872483222,0.15222427982537745
20220902,3.530936454849498,-0.10743214365667875
20220903,4.351282051282051,-0.07531751737359205
20220904,4.06175972927242,-0.03766828054678317
20220905,3.8141078838174276,-0.07033246486833988
20220906,3.9958402662229617,-0.03250142679773482
20220907,4.755775577557756,0.008343879500731788
20220908,5.195688225538972,0.1608653361508221
20220909,5.554635761589404,0.2890999009628432
20220910,5.10468085106383,0.10762839996882523
20220911,5.091525423728814,0.14710938492234238
20220912,4.603648424543947,0.11279150581807418
20220913,5.48922056384743,0.21334004251778182
20220914,6.245220282626766,0.21277781500985782
20220915,6.144398340248963,0.13553001638714157
20220916,5.753503709810388,0.028409706888711916
20220917,6.064924114671164,0.1371776090867618
20220918,5.753794266441822,0.0946098346732871
20220919,5.232751454696592,0.08987186145037729
20220920,4.282608695652174,-0.17237312402789318
20220921,3.291075896580484,-0.42202062657803996
20220922,3.0918196994991654,-0.4360826629642576
20220923,4.699166666666667,-0.15061957759195987
20220924,6.070398642917727,0.000782075463794385
20220925,6.186125211505922,0.061761563580586376
20220926,6.181969949916527,0.13560264217427687
20220927,6.196652719665272,0.2734348605732988
20220928,5.838222967309305,0.36387815296126025
20220929,6.143094841930116,0.43589644891870716
20220930,5.240432612312812,0.07732370652087805
20221001,5.691139240506329,-0.05417991463019867
20221002,5.33728813559322,-0.12126243941610149
20221003,4.684166666666667,-0.21397189760712365
20221004,4.283003300330033,-0.2733784884764612
20221005,4.937862468931234,-0.12862292833972422
20221006,3.272727272727273,-0.4100525098861212
20221007,3.6710853355426676,-0.22419246811002047
20221008,4.211914893617021,-0.21131776384132994
20221009,3.8361344537815127,-0.21445052597310088
20221010,4.4089775561097255,-0.03931273007956282
20221011,4.440734557595993,0.022533036752280466
20221012,4.125,-0.11612320984731994
20221013,5.287739783152627,0.28785893006076524
20221014,5.644648829431438,0.2819376419841104
20221015,5.877796901893287,0.2379831440394664
20221016,4.552519214346712,0.10234068008074271
20221017,4.219594594594595,-0.02705470878787608
20221018,4.21875,-0.03171207965657086
20221019,4.102671118530885,-0.0031898402098731182
20221020,4.795969773299748,-0.07025285855041119
20221021,6.364626990779548,0.1028540230497299
20221022,5.745501285347044,-0.018899373792320873
20221023,5.59020618556701,0.14824099588861372
20221024,6.027234042553191,0.25823420685122844
20221025,4.998303647158609,0.11136480673694393
20221026,5.708053691275167,0.22934036753489817
20221027,4.484518828451883,-0.0444929921211239
20221028,5.259882253994954,-0.15782067668351374
20221029,5.1090128755364805,-0.09092691568722344
20221030,4.632302405498282,-0.13684339715267502
20221031,5.153316106804479,-0.12484541939267313
20221101,5.307885906040268,0.04422603698309402
20221102,5.076859504132232,-0.09017059816327677
20221103,5.5787728026534,0.15632199631450305
20221104,6.375621890547263,0.15939137665032987
20221105,5.644481887110362,0.07649557308198318
20221106,4.7514843087362175,0.01702598617684714
20221107,5.07379767827529,-0.011359775504169
20221108,5.260869565217392,-0.006716620117554584
20221109,5.620401337792642,0.07764883338005912
20221110,5.28927680798005,-0.041356570667621106
20221111,5.411764705882353,-0.13769388352355882
20221112,4.35404255319149,-0.18434847627412498
20221113,4.0119250425894375,-0.10565132373525454
20221114,4.945091514143095,-0.018386594876028006
20221115,5.381031613976705,0.0171660069656161
20221116,6.45439330543933,0.11914170966381299
20221117,6.015846538782319,0.1037956758288967
20221118,6.279166666666667,0.12391456582632898
20221119,5.5773809523809526,0.17476262845563806
20221120,5.589180050718512,0.22532214401844008
20221121,5.574290484140234,0.08988556714244744
20221122,6.809205020920502,0.20402477242054307
20221123,6.086336965632858,-0.05257947711521105
20221124,6.07292539815591,0.008154122767655814
20221125,5.5201005025125625,-0.10843802345058506
20221126,5.995730145175064,0.05976417039915738
20221127,5.460884353741497,-0.01832795671100218
20221128,6.44322960470984,0.12413416008137279
20221129,6.735467565290649,-0.010533922232836446
20221130,6.8733108108108105,0.11242483502542111
20221201,6.944490472245236,0.12450929629847618
20221202,7.039629005059022,0.2170755003637792
20221203,6.956896551724138,0.13730948664986808
20221204,6.993156544054748,0.2188960271876077
20221205,7.090143218197135,0.09241623049818415
20221206,6.02546689303905,-0.10142866746451329
20221207,6.118543607112616,-0.10782388624259998
20221208,5.7981340118744695,-0.1637652086243948
20221209,6.7761824324324325,-0.03763522466094127
20221210,6.9836347975882855,0.003819749409164075
20221211,6.748071979434448,-0.035012080660042244
20221212,4.965459140690817,-0.30352629678661724
20221213,4.733389402859546,-0.18458249859707188
20221214,5.558922558922559,-0.07994586402715065
20221215,5.393220338983051,-0.05784481041306044
20221216,5.878275570583263,-0.12827240883559554
20221217,5.27390180878553,-0.244247569828965
20221218,5.074458874458874,-0.2390875864250832
20221219,6.352791878172589,0.19819039106882474
20221220,6.953231292517007,0.3171202699510669
20221221,6.999151103565365,0.20574693494897112
20221222,6.596252129471891,0.17186168435554894
20221223,6.2056798623063685,0.04677204167472926
20221224,5.433829973707274,0.022846880703106365
20221225,5.502640845070423,0.061168852944508245
20221226,6.202654867256637,-0.021448144416565285
20221227,4.904969485614647,-0.29260882955748
20221228,5.3816593886462885,-0.2310702449884401
20221229,6.054078014184397,-0.07745344504106999
20221230,5.976385104450499,-0.03275639397940999
20221231,6.058052434456929,0.08917463724995134
20230101,4.6091370558375635,-0.1276433984618368
20230102,5.2939677145284625,-0.1298124503897391
20230103,5.281487743026204,0.05378832248736387
20230104,5.736087689713322,0.05063261443814948
20230105,6.094560669456067,0.005783236467380881
20230106,5.409475465313029,-0.08098709130535298
20230107,5.46763202725724,-0.08434577245709907
20230108,6.322553191489361,0.2447737336645428
20230109,6.672544080604534,0.19693948086801072
20230110,6.0867003367003365,0.11503037052487475
20230111,5.948117154811715,0.030289923585484324
20230112,5.785534062237174,-0.04414665817412722
20230113,5.985714285714286,0.08231983148589439
20230114,5.3603757472245945,-0.015322325718948981
20230115,6.2442553191489365,-0.011185410334347168
20230116,5.861087866108787,-0.11592231635653416
20230117,5.80836820083682,-0.03976173369478886
20230118,5.861952861952862,-0.012309184694121456
20230119,5.902010050251256,0.01663942685915476
20230120,5.926458157227388,-0.008465161212414252
20230121,5.761986301369863,0.057372936306466116
20230122,6.171821305841925,-0.010347716186715594
20230123,6.596787827557058,0.1050999944926101
20230124,6.383193277310925,0.08211786806772992
20230125,6.209106239460371,0.04959333964392876
20230126,5.772881355932204,-0.01844695633129234
20230127,5.910638297872341,-0.0022599799078637517
20230128,5.982502187226597,0.03150226940810441
20230129,5.595446584938704,-0.08233924584331653
20230130,4.845549738219895,-0.2501768699053093
20230131,4.815859030837005,-0.22390489235341793
20230201,5.371710526315789,-0.11962795902065348
20230202,5.301507537688442,-0.06733911689196681
20230203,5.692953020134228,-0.03109789681972952
20230204,4.760034158838599,-0.17463828976971474
20230205,4.7311643835616435,-0.12346888591100846
20230206,4.433866891322662,-0.058811835271033175
20230207,2.7010915197313183,-0.30210964444366883
20230208,3.0142857142857142,-0.3367749731471541
20230209,3.0647603027754418,-0.31953531927328527
20230210,3.4890387858347385,-0.3148448906142134
20230211,5.012886597938144,0.03612177701422059
20230212,4.634893617021277,-0.013752966648624021
20230213,3.6605196982397317,-0.11047817044041786
20230214,3.6,0.12841549718123968
20230215,4.144416456759026,0.16144724892475892
20230216,4.88785046728972,0.26044145207346814
20230217,6.050420168067227,0.36591162603321337
20230218,5.1840068787618225,0.02444575440338248
20230219,5.288774635818338,0.09341157411386547
20230220,5.082630691399663,0.20315871330856172
20230221,4.4238578680203045,0.11769398114575758
20230222,5.381112984822934,0.1766709325805591
20230223,6.093908629441624,0.17229402316455644
20230224,5.753169907016061,-0.042464323007308735
20230225,5.463267070008643,0.039894313035260254
20230226,5.025862068965517,-0.03755893812183242
20230227,4.694207836456559,-0.05548897927758478
20230228,3.1476394849785407,-0.1823169118631096
20230301,3.514450867052023,-0.2666660168244164
20230302,3.2799325463743676,-0.40199658329532273
20230303,4.582623509369676,-0.16722091394948357
20230304,4.162068965517242,-0.1858854434987709
20230305,5.270689655172414,0.0349753694581274
20230306,5.72,0.14654173764906364
20230307,5.506448839208942,0.33697276489005734
20230308,5.526180257510729,0.2873899129226718
20230309,5.282118055555555,0.286026501311599
20230310,5.309012875536481,0.10376990945240028
20230311,5.120346320346321,0.13689676497558345
20230312,4.865168539325842,-0.05793158797808218
20230313,5.726883561643835,0.00098336594911963
20230314,5.916451335055986,0.05857178512100525
20230315,4.096746575342466,-0.2042048117383235
20230316,3.449275362318841,-0.2618346704623864
20230317,5.177474402730375,-0.01879121040087295
20230318,4.790657439446367,-0.0470984115571369
20230319,5.5322441960447115,0.09529652238841013
20230320,5.906542056074766,0.025665499204419184
20230321,5.5755517826825125,-0.04869993605335399
20230322,5.215200683176772,0.1597791582620438
20230323,5.378492802709568,0.2756024914843893
20230324,5.862978723404256,0.09792918866769806
20230325,5.385416666666667,0.08496560388861418
20230326,5.3887931034482754,-0.020493013228062296
20230327,4.575911789652248,-0.19009003806035984
20230328,4.026632302405498,-0.22127421146814452
20230329,5.624242424242424,0.05843453443794999
20230330,5.898083623693379,0.07422726014054426
20230331,5.826048171275647,-0.005275793161229281
20230401,5.019674935842601,-0.05224881868915254
20230402,4.4475043029259895,-0.13446982864604085
20230403,3.8145025295109614,-0.10877275144875487
20230404,3.563025210084034,-0.06622958461735173
20230405,3.1437074829931975,-0.35436213446417586
20230406,3.333617021276596,-0.36635237177382596
20230407,4.901994796183868,-0.13200762501311214
20230408,5.490451388888889,0.067253779006613
20230409,4.6171328671328675,0.02423265202955438
20230410,4.143226919758413,0.04696062717820748
20230411,5.385336743393009,0.260330219044139
20230412,5.441226575809199,0.32821701325942865
20230413,5.983802216538789,0.37859788503745584
20230414,5.914456800684346,0.14463742921435419
20230415,5.6346992153443765,0.020606832350784643
20230416,5.441535776614311,0.11777184421163422
20230417,4.673191489361702,0.07570922422904136
20230418,4.7280625543006085,-0.09389631272748566
20230419,4.367924528301887,-0.15332886392961598
20230420,4.358426005132592,-0.23219660162945654
20230421,2.9122957867583836,-0.4288801448465662
20230422,3.5351493848857647,-0.29993569006551635
20230423,5.104477611940299,-0.04815116638200223
20230424,6.072664359861592,0.1999246957856995
20230425,5.639616055846423,0.1302219287922588
20230426,5.0374564459930316,0.09564741681302014
20230427,5.081128747795415,0.10324324895183246
20230428,5.850543478260869,0.4197496702146415
20230429,5.530028598665395,0.284982744825661
20230430,4.198609731876862,-0.12940969715192008
20230501,5.413379073756432,-0.09418361230073735
20230502,5.507209499575912,-0.018915222324358716
20230503,4.335871404399323,-0.1002264345133872
20230504,3.9102455546147334,-0.16726902759723927
20230505,3.970464135021097,-0.26858276331996755
20230506,4.791057609630267,-0.10556728414787564
20230507,4.6560619088564055,0.06535031099707744
20230508,4.7105704697986575,-0.10040122913682392
20230509,4.2272727272727275,-0.1828481103290267
20230510,4.962962962962963,0.08958450836623388
20230511,5.288250211327134,0.19685780810177178
20230512,4.820186598812553,0.12138892339877927
20230513,4.222703639514731,-0.08119342430221987
20230514,5.128227194492255,0.06745218366226435
20230515,5.13481228668942,0.060605973841536986
20230516,6.1354344122657585,0.27259452642757687
20230517,5.822033898305085,0.12272441933458911
20230518,4.789203084832905,-0.07129244664203327
20230519,4.772065124250214,-0.0068744963660485325
20230520,4.477095937770095,0.03634175689362351
20230521,3.976582827406765,-0.16452062386935573
20230522,3.7849829351535837,-0.19283276450511977
20230523,5.209760273972603,-0.13223916261330793
20230524,5.2090831191088265,-0.08756439702803576
20230525,3.12736660929432,-0.237405210791227
20230526,2.920552677029361,-0.2645017781744077
20230527,2.1675531914893615,-0.3299346780401047
20230528,2.8130590339892665,-0.1662176847739283
20230529,3.3652641002685764,-0.05995983355500156
20230530,3.6296633303002728,-0.22572813481033238
20230531,3.0647002854424357,-0.3063404048094842
20230601,3.8050365556458163,0.09680999233592802
20230602,3.531096563011457,0.08722055514029892
20230603,2.920032976092333,0.10749711208613899
20230604,3.5284552845528454,0.10219946436622518
20230605,18.66208569118836,2.1852602272742554
20230606,4.181964573268921,0.07890017756694867
20230607,4.086220789685737,0.14593150060618676
20230608,4.046925566343042,0.03455557295674705
20230609,4.745941558441558,0.1735492850614424
20230610,9.689711934156378,0.9670969940091494
20230611,2.9233278955954325,-0.08644676985105981
20230612,2.5012145748987855,-2.308695873755653
20230613,2.208835341365462,-0.28187560455763716
20230614,2.60357432981316,-0.21180663712465364
20230615,2.8699664429530203,-0.16813701762714617
20230616,3.5025210084033613,-0.17763150714831344
20230617,3.230703259005146,-0.9227155250216046
20230618,3.6378424657534247,0.10207351002257026
20230619,4.465604026845638,0.28062706456383646
20230620,4.523167649536647,0.3306189011673113
20230621,4.495382031905962,0.2702582431561149
20230622,4.148148148148148,0.18259738645644719
20230623,4.809121621621622,0.18665723045975113
20230624,3.6472103004291845,0.059501005917719674
20230625,1.6416382252559727,-0.2851720343567785
20230626,2.660472972972973,-0.25787586483895275
20230627,4.942275042444821,0.05987248470116846
20230628,4.14625850340136,-0.04987478978637183
20230629,3.5294612794612794,-0.08838383838383823
20230630,4.8193979933110365,0.0014680530984878537
20230701,5.627303182579564,0.28287041173576855
20230702,4.994876174210077,0.47903399270772873
20230703,5.068181818181818,0.34395840645840625
20230704,4.723296888141295,-0.031282593471932074
20230705,4.907016060862214,0.10867965106583632
20230706,4.504222972972973,0.13925167050167087
20230707,2.3952299829642247,-0.3463097157638302
20230708,2.569324090121317,-0.43685415606546396
20230709,2.381363244176014,-0.37335899000486616
20230710,3.4727891156462585,-0.227913243219366
20230711,3.164267569856054,-0.2227184740407484
20230712,4.982127659574468,0.010730228387464624
20230713,4.6440677966101696,0.019977831948171154
20230714,3.5703389830508474,0.1678727142980887
20230715,2.902164502164502,0.04754863029188394
20230716,3.8073946689595872,0.2037187749690812
20230717,3.873191489361702,0.057200339102206677
20230718,4.070698466780239,0.12949012813202643
20230719,4.858843537414966,-0.01761201745135743
20230720,4.558297872340425,-0.012252846324249056
20230721,5.270247229326513,0.24284403518223785
20230722,4.577758470894874,0.2393705669614814
20230723,4.576388888888889,0.10985631713275801
20230724,5.388984509466437,0.21654186001496267
20230725,5.64106988783434,0.22433877443629946
20230726,5.155516941789748,0.042381914910682994
20230727,4.736062717770035,0.025394977918516304
20230728,4.8921052631578945,-0.054020280881231564
20230729,4.6095152603231595,0.004536684204040853
20230730,5.001824817518248,0.06077656123276487
20230731,5.135496183206107,-0.036212618037190225
20230801,5.8933333333333335,0.036037635071285656
20230802,5.010135135135135,-0.020768829522088694
20230803,5.646464646464646,0.13005741838494522
20230804,5.883898305084746,0.14168472027526402
20230805,5.801381692573402,0.17026663317860624
20230806,5.8128755364806866,0.1158643884232049
20230807,5.513490725126475,0.05399922027434023
20230808,4.704931972789115,-0.16977162293488934
20230809,5.407816482582838,0.05681162106395732
20230810,3.9411262798634814,-0.243619766657309
20230811,2.7739726027397262,-0.4442751003350027
20230812,4.010443864229765,-0.2558482611919475
20230813,4.190806591500434,-0.23172413499717948
20230814,3.51067463706234,-0.28611658400916173
20230815,3.7536355859709154,-0.13589948383117179
20230816,4.203562340966921,-0.17203630594513086
20230817,4.224936815501263,0.040544362233968734
20230818,3.9527027027027026,0.16839001428042488
20230819,3.2699914015477214,-0.10577892324029214
20230820,2.8413793103448275,-0.19277532587937252
20230821,2.5071972904318374,-0.14335390666149994
20230822,2.8514431239388793,-0.12888463743314826
20230823,3.3954276037256563,-0.11544781960589434
20230824,3.720675105485232,-0.07203738714514785
20230825,4.911789652247667,0.13701242136356662
20230826,4.854310344827586,0.22633127761140903
20230827,5.188144329896907,0.33525214565029726
20230828,5.770533446232006,0.466190879400024
20230829,6.181895815542272,0.4757789559433423
20230830,5.8807495741056215,0.3550459957685659
20230831,5.011092150170649,0.18434529209791695
20230901,4.831081081081081,-0.011529795880941052
20230902,4.074300699300699,-0.11142994936098383
20230903,5.677980852915579,0.06997664614552424
20230904,2.935042735042735,-0.4050701015984668
20230905,2.0509059534081104,-0.5901414088763088
20230906,1.396551724137931,-0.6405996928525273
20230907,2.02401372212693,-0.4267254897205315
20230908,1.6142001710863987,-0.45955441571352607
20230909,2.161431064572426,-0.2732670906754677
20230910,2.2176573426573425,-0.4943319300368909
20230911,3.089500860585198,0.022065446506066344
20230912,4.51337359792925,0.35178109207444885
20230913,4.8377682403433475,0.4916023594579162
20230914,4.522707797772065,0.3569562965207336
20230915,3.486277873070326,0.26743967171198957
20230916,3.445709281961471,0.18346831676986364
20230917,3.862129144851658,0.2349245431706164
20230918,5.349056603773585,0.3227936775983409
20230919,5.300597779675491,0.11246059739232006
20230920,4.223650385604113,-0.08773112210560452
20230921,4.502572898799314,-0.002876414138964556
20230922,5.6545768566493955,0.3097569976541523
20230923,5.355437665782493,0.27281834054586085
20230924,3.8470380194518126,-0.002155875057121115
20230925,3.324066029539531,-0.2892843677477215
20230926,2.9106830122591942,-0.34141639534518564
20230927,3.444639718804921,-0.11128723811417007
20230928,3.4755120213713266,-0.14672298248971227
20230929,3.8661844484629295,-0.2554846297409239
20230930,4.593721144967683,-0.10881664583068718
20231001,3.517035775127768,-0.047143177760577526
20231002,3.9872340425531916,0.09473828757337976
20231003,4.360992301112062,0.2071870412646959
20231004,4.497474747474747,0.1504050040956888
20231005,4.64910790144435,0.1676565542961468
20231006,4.408006814310051,0.07740319512101745
20231007,4.517271157167531,-0.010921426828593539
20231008,4.815104166666667,0.185438341648414
20231009,5.235093696763203,0.17826566488714501
20231010,5.016156462585034,0.09359488021042406
20231011,4.025619128949616,-0.06740794550358942
20231012,4.440374787052811,-0.02981901634164963
20231013,4.375959079283888,-0.004578247860879792
20231014,4.785152838427948,0.03826881160863138
20231015,4.8,-0.0021577380952395586
20231016,4.114359415305245,-0.1601048973511361
20231017,4.481927710843373,-0.0763183931059519
20231018,5.093401885175664,0.15254039374657857
20231019,5.792598967297763,0.19317488289213625
20231020,6.024765157984628,0.23554372552867786
20231021,5.231168831168831,0.06371657039155387
20231022,5.362456747404845,0.0803509639149782
20231023,5.427592116538132,0.18760467160469751
20231024,6.438566552901024,0.27951983457966456
20231025,5.84995737425405,0.10807935558262649
20231026,6.577221742881795,0.11208896794057654
20231027,6.316062176165803,0.04161385974016785
20231028,5.549122807017544,0.045421996549817045
20231029,5.849912739965096,0.06963657036574844
20231030,5.95079086115993,0.07474267780311461
20231031,6.387665198237886,-0.00727162209473331
20231101,5.459798994974874,-0.05573691132559766
20231102,6.094196804037006,-0.06900356269211194
20231103,6.551694915254237,0.03366181986977601
20231104,5.523605150214593,-0.003645379543280036
20231105,5.805792163543441,-0.006302939488806558
20231106,4.682392586352148,-0.1811997535439689
20231107,5.3818334735071485,-0.14369024639010508
20231108,4.933501683501683,-0.0751853302104557
20231109,5.593959731543624,-0.07146243892762705
20231110,6.306655433866891,-0.03500564019819219
20231111,5.970765262252795,0.06388001600545756
20231112,5.4106988783434,-0.05644189788571996
20231113,6.064406779661017,0.1974305990441243
20231114,6.162849872773537,0.11157377132376922
20231115,5.624576271186441,0.0987249410978226
20231116,5.58072696534235,-0.0018903951716104928
20231117,5.723673125526537,-0.08328318690576442
20231118,5.073630136986301,-0.12816216075235598
20231119,5.640718562874252,0.03285995493297733
20231120,5.738578680203045,-0.04654687135113722
20231121,6.1818950930626055,0.002720745755581788
20231122,5.743697478991597,0.01701731540073581
20231123,4.417017691659646,-0.1662441819546725
20231124,5.372665534804754,-0.05014394153168222
20231125,5.348615916955017,0.039283682852672364
20231126,5.496137339055794,-0.020654460545492803
20231127,6.005982905982906,0.03820060368283684
20231128,6.41036533559898,0.03263860607662483
20231129,5.206008583690987,-0.07681269932865842
20231130,6.4672413793103445,0.2928890982358139
20231201,6.442930153321976,0.1528949455024602
20231202,6.52580927384077,0.16817047955510844
20231203,4.728931364031277,-0.10960085357493199
20231204,5.630716134598792,-0.05360953876915886
20231205,6.111972437553833,-0.042627556863592986
20231206,6.444252376836647,0.17689197044938076
20231207,5.773080241587576,-0.09916587681753963
20231208,6.358260869565218,-0.012095611965250441
20231209,6.580474934036939,0.0078093800280241155
20231210,6.272968197879859,0.22057669054979812
20231211,6.429930795847751,0.11417352303556427
20231212,6.659426585577759,0.07820773543199078
20231213,6.838095238095238,0.05626326589408315
20231214,6.425366695427092,0.09318377911993192
20231215,6.093205574912892,-0.037865042093190304
20231216,5.054290718038529,-0.21802631657120042
20231217,3.916010498687664,-0.33670824274174294
20231218,3.890138408304498,-0.3628274839347503
20231219,4.2452504317789295,-0.3448823076855465
20231220,5.562068965517241,-0.18228946751114172
20231221,6.212987012987013,-0.030339954634297506
20231222,6.104400345125108,0.0015992528874591017
20231223,5.7590467784642545,0.10067943720367545
20231224,5.972517730496454,0.29378674740125543
20231225,5.508849557522124,0.23124444988823178
20231226,5.1873889875666075,0.13459122225538334
20231227,4.279192273924495,-0.18326809879896455
20231228,5.618921308576481,-0.08486652920150384
20231229,5.819148936170213,-0.040750201279271536
20231230,5.221611721611722,-0.0767764366932191
20231231,6.3373945641986875,0.05212526195746214
20240101,5.899403239556692,0.055793383147795694
20240102,6.393680614859095,0.1723273753274972
20240103,5.205128205128205,0.13227656160053147
20240104,5.375426621160409,-0.03478495534515336
20240105,5.616496598639456,-0.028950333932964867
20240106,6.056798623063683,0.11931241449313656
20240107,5.637221269296741,-0.10002475641456332
20240108,5.022090059473237,-0.12533045429763678
20240109,3.2606473594548553,-0.4475761793434616
20240110,2.9720338983050847,-0.319013472403304
20240111,3.6206604572396275,-0.25068088056011106
20240112,5.0548523206751055,-0.08023489685205032
20240113,5.1911764705882355,-0.12366030749649326
20240114,5.480240549828179,-0.022425817066936915
20240115,5.561224489795919,0.07701920433181098
20240116,4.611301369863014,0.1929505729154517
20240117,6.058319039451115,0.4408978773065755
20240118,5.361134995700774,0.24863921978016457
20240119,4.409090909090909,-0.09225163022631477
20240120,3.0545454545454547,-0.3052330022918257
20240121,4.681109185441941,-0.11416162348374748
20240122,5.567890691716482,0.0009523145600809357
20240123,5.134188034188035,0.0746980949035736
20240124,5.746781115879829,-0.04450541765304106
20240125,5.132933104631218,-0.03260027015279299
20240126,5.939055793991416,0.21856641212864325
20240127,3.494313210848644,0.06282396518616906
20240128,3.2615923009623797,-0.20278812635422216
20240129,3.944833625218914,-0.23186529521393862
20240130,4.366931918656056,-0.10960801650456808
20240131,5.304270462633452,-0.06321580760662471
20240201,4.934468085106383,-0.02835214564640598
20240202,5.490598290598291,-0.06406535762758914
20240203,4.308695652173913,0.11634034876075283
20240204,5.124017467248908,0.2660607380409328
20240205,4.534823731728289,0.08428430092991146
20240206,5.21875,0.12168829733484898
20240207,5.57476231633535,0.03864169338598522
20240208,5.8634399308556615,0.13271026367846872
20240209,6.388214904679376,0.12823094486872577
20240210,5.971954425942156,0.23760839625260655
20240211,6.7170305676855895,0.22757330006238252
20240212,5.975778546712803,0.2058506878549311
20240213,5.3563416738567735,0.019655953408109994
20240214,5.790877796901893,0.030873640080934628
20240215,5.967297762478485,0.014836833088974544
20240216,5.2357512953367875,-0.16463765847751244
20240217,5.071304347826087,-0.1286642968737235
20240218,4.838990426457789,-0.26829144874682953
20240219,6.191214470284238,0.03077656051020483
20240220,5.969827586206897,0.08764084462144694
20240221,5.875968992248062,0.012155885049452309
20240222,6.781599312123817,0.11632879280647579
20240223,6.368512110726644,0.16182297362712283
20240224,5.087489063867016,0.002312102291560869
20240225,4.908849557522124,0.009979875866334531
20240226,5.605928509154316,-0.08361228016141808
20240227,6.034090909090909,0.009180474697716434
20240228,6.173144876325089,0.042453697725289175
20240229,5.297535211267606,-0.21200915726517255
20240301,6.407594936708861,0.0055832608546015905
20240302,5.980902777777778,0.12763053055868046
20240303,4.979166666666667,0.010045301306364607
20240304,4.877374784110535,-0.1040791035776838
20240305,5.550347222222222,-0.06910624098124085
20240306,5.130735930735931,-0.14891556365559477
20240307,4.45840554592721,-0.11987566647719916
20240308,3.4965397923875434,-0.4158650206173302
20240309,5.119089316987741,-0.12311620868429163
20240310,5.819055944055944,0.11998418248418208
20240311,5.493091537132988,0.087959536146065
20240312,5.903812824956672,0.05049508610492115
20240313,5.698535745047373,0.08111425918734838
20240314,5.559027777777778,0.15723174740722445
20240315,5.695238095238095,0.31409975755007924
20240316,5.610673665791776,0.07022633554343294
20240317,4.756567425569177,-0.1517840740695382
20240318,5.636520241171404,0.020489814862632016
20240319,4.922212618841832,-0.14022860087354871
20240320,5.162790697674419,-0.07653500676756497
20240321,5.9655172413793105,0.05806992337164729
20240322,5.530224525043178,-0.023573367170702575
20240323,5.323759791122716,-0.04098769638129429
20240324,5.9272567922874675,0.16724133810261232
20240325,4.837510803802939,-0.11414420533835212
20240326,5.624564459930314,0.10033597729835453
20240327,5.902946273830156,0.10573651087939151
20240328,5.5400881057268725,-0.06077559080749051
20240329,5.6041292639138245,0.010557819838662219
20240330,5.1659111514052585,-0.022549805673921064
20240331,5.445662100456621,-0.06879924169012153
20240401,5.793913043478261,0.13662889138218848
20240402,5.242844752818733,-0.054531386730225506
20240403,5.523316062176166,-0.05423288737914156
20240404,5.575389948006932,0.0050431203257224055
20240405,5.6562228024369015,0.007441934074726042
20240406,4.986498649864987,-0.025630357362895317
20240407,4.640933572710951,-0.11496121824938221
20240408,4.589810017271157,-0.1720147180295859
20240409,4.791341991341992,-0.06450039449667777
20240410,5.209887250650477,-0.04477554450366927
20240411,3.6978354978354977,-0.2682220643102049
20240412,3.823529411764706,-0.2618133415245998
20240413,4.197541703248463,-0.11270813523093182
20240414,4.399825021872266,-0.034444078691240776
20240415,5.3422413793103445,0.1074901945770268
20240416,5.681660899653979,0.12718841547314064
20240417,5.359756097560975,0.02140983527292928
20240418,5.041994750656168,0.19202275040295191
20240419,5.411353711790393,0.2268320428608126
20240420,5.139946855624446,0.13462930748228352
20240421,4.385980479148181,-0.0019777918177270593
20240422,5.120280948200175,-0.03170863301573856
20240423,5.627763041556145,-0.007699694013975744
20240424,5.971555555555556,0.08739992257065499
20240425,5.744833782569632,0.10040557598763655
20240426,4.757168458781362,-0.09345503614414685
20240427,4.109389243391067,-0.1472225160333398
20240428,5.159962581852199,0.11056887181486008
20240429,4.373358348968105,-0.10670322846172464
20240430,3.3094302554027504,-0.3311903980219135
20240501,3.722095671981777,-0.3213514119391112
20240502,3.879194630872483,-0.2665198788138783
20240503,4.895622895622895,0.019779205263076527
20240504,4.715261958997722,0.08655324508666418
20240505,5.79384965831435,0.09055529663744988
20240506,6.0344827586206895,0.2373034870932269
20240507,5.67973124300112,0.33861442679976683
20240508,5.4328523862375135,0.24439381632224855
20240509,4.829954954954955,0.13582290344035375
20240510,4.168742921857304,-0.10383999625222806
20240511,3.973774230330673,-0.10592681838100582
20240512,3.3261117445838084,-0.3525339876757929
20240513,3.2408435072142066,-0.3990913216294967
20240514,2.2293986636971046,-0.4929046541862885
20240515,3.267480577136515,-0.30933882987157135
20240516,4.141097424412094,-0.09840821864897986
20240517,4.208472686733557,0.005675680696606733
20240518,3.992,0.002603681381332823
20240519,4.401836969001148,0.15367503205962008
20240520,3.7105561861521,0.06710181127684178
20240521,4.703247480403135,0.3534069738151473
20240522,4.736900780379041,0.2099171718917896
20240523,4.405162738496072,0.03772361629771037
20240524,4.994388327721661,0.11227366299830077
20240525,4.531500572737686,0.07707151039109927
20240526,4.416475972540046,0.0020912862198416704
20240527,5.067114093959732,0.19379398682966187
20240528,4.717660292463442,0.0020589731514721876
20240529,5.12263099219621,0.05510431597388088
20240530,4.966101694915254,0.08013413663131264
20240531,5.495515695067264,0.07158962390651435
20240601,5.209386281588448,0.09684081555010948
20240602,5.194209891435465,0.11110484555648803
20240603,5.745684695051784,0.09693865729886486
20240604,4.706018518518518,-0.0016631105635616095
20240605,4.457274826789838,-0.09505088077233825
20240606,4.611819235225956,-0.050611779955613834
20240607,4.177906976744186,-0.18822981690329765
20240608,4.606024096385542,-0.08619459788612893
20240609,5.008423586040915,-0.026540900770649856
20240610,5.755787037037037,0.0014431917121786597
20240611,5.747099767981439,0.14872589278041737
20240612,5.393518518518518,0.1337490988183836
20240613,5.231481481481482,0.08852317803650323
20240614,5.680280046674445,0.21462472427575108
20240615,4.9843937575030015,0.05405280873106655
20240616,5.433414043583535,0.060712922506087175
20240617,5.23121387283237,-0.07493902345780956
20240618,5.145161290322581,-0.08599121109412167
20240619,4.4906759906759905,-0.12897750397750496
20240620,5.009291521486643,-0.031741422856404355
20240621,4.843457943925234,-0.11954601467845904
20240622,5.163614163614164,0.02560291515873736
20240623,4.759124087591241,-0.0963271365703271
20240624,2.766899766899767,-0.35204487227608716
20240625,1.9310747663551402,-0.4591552177096343
20240626,2.997685185185185,-0.21328440078440059
20240627,4.207897793263647,-0.11448481831757107
20240628,4.140371229698376,-0.10044095917526485
20240629,3.920768307322929,-0.17754940804160535
20240630,5.682598039215686,0.13192485023206402
DATE,,0.0
