DATE,FG,moving_average_FG
20200101,34.06881903143585,0.0
20200102,38.82878830475119,0.0
20200103,39.90480202190396,0.0
20200104,43.412394366197184,0.0
20200105,37.170662905500706,0.0
20200106,32.88772919605078,0.0
20200107,36.34716769489624,0.0
20200108,39.67331460674157,0.8006422250436813
20200109,34.84621872364352,-0.5689385115868077
20200110,30.31444600280505,-1.3700508598712773
20200111,38.07681445919232,-0.7622257010006948
20200112,35.91137454134914,-0.179898337735942
20200113,34.15637282425604,0.18123480402932302
20200114,39.09221253865617,0.39214926339428047
20200115,37.513217097862764,-0.3085853584112641
20200116,34.72658227848101,-0.017090920737501847
20200117,31.96764209341587,0.236170870087264
20200118,30.661581920903956,-1.059318934041194
20200119,31.89586870401811,-0.5736436910472875
20200120,37.50084364454443,0.4777815457554837
20200121,38.37953331459095,-0.10181131772360885
20200122,34.71299689878771,-0.4000314570107193
20200123,33.64237478897017,-0.15488678421583302
20200124,31.88876404494382,-0.011268292638867194
20200125,28.375176304654442,-0.32662937374993106
20200126,29.298389375529812,-0.3710684754983262
20200127,31.497754070746772,-0.857584224828237
20200128,39.10820685778527,0.10409622045633427
20200129,37.559955068800896,0.406708310001882
20200130,37.858426966292136,0.6022931681888508
20200131,41.720629567172566,1.4045522174612515
20200201,41.16300056401579,1.8268320370516236
20200202,39.1826406559231,1.4120358971990328
20200203,41.14659538548115,1.378405902104916
20200204,43.635621834552616,0.6467735681096158
20200205,48.529775280898875,1.5671171731568592
20200206,34.87633202467751,-0.4260135630877997
20200207,32.918835712286594,-1.2573991221265715
20200208,33.30582659604126,-1.1224534239963617
20200209,49.11583659764969,1.4190279916752289
20200210,57.396489272777934,2.3214134124709602
20200211,54.541143654114364,1.5579316885088303
20200212,43.37621832358674,-0.7362224224731619
20200213,36.09199555308505,0.17366621834393214
20200214,32.81851028349083,-0.014332204113678415
20200215,36.693917410714285,0.4840129735247132
20200216,48.070789031897036,-0.14929250939323424
20200217,47.77203224909647,-1.3749224319545021
20200218,43.86131183991106,-1.5256902591718955
20200219,36.188506385341476,-1.026815991177891
20200220,39.062777777777775,0.4243974606703844
20200221,48.997777160322315,2.311323839547356
20200222,48.86595922926557,1.738863116935903
20200223,49.61648444070648,0.22081362982991948
20200224,40.92352614015573,-0.9783580155629679
20200225,39.142141863699585,-0.6741671394587812
20200226,40.78720445062587,0.6569568664692014
20200227,39.47736739794502,0.059227088595314115
20200228,38.809947207557656,-1.4554042789663697
20200229,43.981813094571905,-0.697735162099093
20200301,41.845787853344525,-1.1100995124802822
20200302,41.12311977715878,0.028513376714720096
20200303,36.698244636388964,-0.3491281753300868
20200304,33.001113895850736,-1.1122986506821633
20200305,32.313490959666204,-1.023410919754113
20200306,34.668243807403286,-0.5916719143077671
20200307,36.4620979020979,-1.0742450274962962
20200308,37.92853139013453,-0.5596080661728493
20200309,33.95231455660903,-1.0244007457928248
20200310,40.3792142658122,0.5258528042033177
20200311,41.160913140311806,1.1656856063515804
20200312,45.05072463768116,1.8196048111449912
20200313,42.34803237510466,1.0971126525287715
20200314,35.33071748878924,-0.16162577332980277
20200315,41.32061711079944,0.48458367438070127
20200316,36.627511160714285,0.3821709434436116
20200317,35.30314850933408,-0.7251522509254542
20200318,32.801058790749515,-1.1942649070803242
20200319,28.46338067390699,-2.3696205662534524
20200320,29.157894736842106,-1.8843053768946518
20200321,36.08,0.107040358744392
20200322,42.220670391061454,0.1285790400374296
20200323,45.16601779755284,1.219786662405511
20200324,46.12614870509607,1.546142885108857
20200325,41.52662391971006,1.2465093041372128
20200326,38.224881714444756,1.3945001486482553
20200327,33.516425389755014,0.622647236130419
20200328,35.453146853146855,-0.0895504495504511
20200329,39.50307778399552,-0.3882275152951351
20200330,37.40373363053775,-1.1088977381450036
20200331,36.68402004454343,-1.3488755229360976
20200401,33.39329608938547,-1.1619039757606586
20200402,37.16996929946972,-0.1507017735678602
20200403,36.05206013363029,0.3622335348393264
20200404,31.764063811922753,-0.5270118630320155
20200405,36.46569588350602,-0.4339117000699275
20200406,35.49331848552338,-0.27291644928777004
20200407,33.34670008354219,-0.47675999442874684
20200408,32.56832730308934,-0.1178526837565812
20200409,30.864472950362522,-0.9007851927296073
20200410,28.1350823332403,-1.13099682862714
20200411,26.635595606871306,-0.7326383150073497
20200412,34.356341189674524,-0.3013363848330677
20200413,46.18709677419355,1.5276826126671672
20200414,38.96481429768221,0.8025877448771439
20200415,37.023995535714285,0.6365240332321278
20200416,34.59771714922049,0.5333205998368555
20200417,33.11782729805014,0.7118207092585465
20200418,27.193900391717964,0.07975782640667006
20200419,30.11543849817876,-0.6058432416422548
20200420,36.39470013947001,-1.3989138049605074
20200421,37.90303705767623,-0.15168246285799114
20200422,33.11854951185495,-0.5579208605513344
20200423,27.36931659693166,-1.032628650326977
20200424,29.800893605138228,-0.47384767041598863
20200425,35.06934306569343,1.1250632391393545
20200426,26.083333333333332,-0.5760150235493455
20200427,26.194591580708114,-1.4571583655374134
20200428,28.04500978473581,-1.4082896104200593
20200429,32.79737283398547,-0.04588238255278654
20200430,33.90898414562537,0.9342382212419587
20200501,32.52714045886962,0.3894638362473408
20200502,29.658330991851642,-0.7730017248345433
20200503,29.326869027543562,0.46336224203003695
20200504,29.239966555183948,0.43505356778225845
20200505,33.74338255781555,0.8140532532971072
20200506,37.17128388442061,0.6248444357764491
20200507,32.85276927358753,-0.15088783886254475
20200508,25.926421404682273,-0.9429598648839104
20200509,26.2082399103139,-0.49287015450538973
20200510,32.32137853740544,0.4277870728374076
20200511,42.28299776286354,1.8632901725256552
20200512,36.102642559109874,0.33703714304204624
20200513,33.21999443052075,-0.5644699219856903
20200514,33.261148272017834,0.05833985691861443
20200515,34.62398884239889,1.2425096339595143
20200516,32.51938202247191,0.901591730308283
20200517,31.45189340813464,-0.12421216132439383
20200518,28.56752993595099,-1.959352546701794
20200519,27.600333518621458,-1.21461557721263
20200520,27.86905754795663,-0.7644195546520187
20200521,27.57969401947149,-0.8116363217923315
20200522,33.102165463631316,-0.21740333982394588
20200523,37.58396200055881,0.7235114254409929
20200524,36.00307864539602,0.6501693196087679
20200525,31.0239420935412,0.3509160225128838
20200526,29.574923547400612,0.28208428982559397
20200527,31.356548279689235,0.49821296167608864
20200528,30.656484309913914,0.43954147006320454
20200529,30.700249791840132,-0.3431308102558859
20200530,29.23126398210291,-1.193242574065124
20200531,32.155804195804194,-0.5496106356559807
20200601,27.866406902310047,-0.45107645589016343
20200602,27.435726210350584,-0.30559961957857595
20200603,27.9035575319622,-0.49328439253243417
20200604,32.35825458588104,0.24311003942387543
20200605,36.41,0.8156786011656934
20200606,34.84477945281965,0.8019307815309666
20200607,32.09868604976237,-0.008159735148833391
20200608,27.35511679644049,-0.0730414436956508
20200609,23.742230854605992,-0.5276421936777993
20200610,24.91460361613352,-0.4269934165469529
20200611,29.557777777777776,-0.4000681154433252
20200612,33.29933481152993,-0.4443807412100078
20200613,26.686941964285715,-1.1654053555048485
20200614,26.973720995247415,-0.73213786493071
20200615,23.886603668704836,-0.49550187539080426
20200616,20.93172356369692,-0.4015010415584399
20200617,20.64263931244802,-0.6102806148122148
20200618,24.521208760743,-0.7195098595763945
20200619,25.77328159645233,-1.075150459296804
20200620,28.555090655509066,0.2668783844604796
20200621,29.30358142137661,0.3328372037327405
20200622,29.511944444444445,0.8036201108199457
20200623,26.01082731815658,0.7255862506370931
20200624,23.627255065223427,0.42637367896791645
20200625,23.325839578129337,-0.17076702608767036
20200626,25.846836847946726,0.010507893070634822
20200627,26.443048576214405,-0.3017202970420989
20200628,28.753497481813096,-0.07858341993764384
20200629,29.74721293199554,0.03360978393587288
20200630,30.9680910099889,0.7081805274046147
20200701,28.57432057681642,0.7067236445132856
20200702,26.499445676274945,0.45337229973508997
20200703,28.509983361064894,0.3804495018740184
20200704,28.4484104852203,0.2864802727151279
20200705,33.602900167317344,0.6927718122148967
20200706,39.14887718325478,1.3430948930370334
20200707,32.767886855241265,0.2571136921789119
20200708,28.75381203215969,0.025641636477608643
20200709,27.397894153505128,0.12834978246145212
20200710,29.46000553556601,0.1357174535001633
20200711,30.332126948775056,0.26910235193638954
20200712,29.85164528722811,-0.5358935542984611
20200713,27.264583909317114,-1.697756181991096
20200714,25.80027662517289,-0.9953728900097687
20200715,23.850180005538633,-0.7005188609458628
20200716,25.52420470262794,-0.2676699215538818
20200717,26.743340732519425,-0.3880949718638007
20200718,26.5107332032339,-0.5459133922201609
20200719,24.475844736107234,-0.7679715073029882
20200720,25.099196453311166,-0.30934106514370185
20200721,26.46570796460177,0.09506161991840756
20200722,28.327524204702627,0.6396205998805691
20200723,27.52685492801772,0.28609288934140054
20200724,27.233195020746887,0.06997918403249415
20200725,28.50695216907675,0.285174137977549
20200726,28.7578125,0.6117096805561104
20200727,28.819817326321616,0.531517267572923
20200728,33.40275862068965,0.9910072365839859
20200729,29.25289895085588,0.1321963923076055
20200730,27.848132780082988,0.04589683600932304
20200731,26.238805970149254,-0.14205557865680873
20200801,26.644147901028635,-0.2661148954354431
20200802,26.407077180273056,-0.3358193313895619
20200803,28.030210643015522,-0.11280095475801133
20200804,30.533351785220038,-0.40991526220994956
20200805,30.604045441950678,0.19302092729925846
20200806,24.842556723851686,-0.4293680080330411
20200807,25.309504017733445,-0.132757421773686
20200808,24.716791979949875,-0.2753365601541127
20200809,26.367335562987737,-0.005677373897903237
20200810,24.631433314886554,-0.48553961830413783
20200811,23.639657079646017,-0.9848135293677167
20200812,23.850250976017847,-0.9648277808475463
20200813,24.623236514522823,-0.03133145847555596
20200814,23.898947951273534,-0.20150800949426895
20200815,26.268130036121146,0.22161972231018012
20200816,26.353055555555557,-0.002040001061740071
20200817,25.308160442600276,0.09667530395910262
20200818,24.58821902654867,0.1355088495575245
20200819,26.144594968205695,0.32776342745540177
20200820,26.406077348066297,0.25469154764907387
20200821,31.331032578685807,1.0617263753446053
20200822,34.087704690535666,1.1170820934877916
20200823,32.50654413812308,0.8790697975096471
20200824,28.54027124273457,0.4617301143048991
20200825,30.73232044198895,0.8777287736343276
20200826,33.87441346950041,1.1042597858992451
20200827,29.108197626276567,0.38601718260146356
20200828,28.50496963003865,-0.4037232783781626
20200829,29.346089850249584,-0.6773735486123016
20200830,28.490555555555556,-0.5737126546524998
20200831,26.564435840707965,-0.2822622002895194
20200901,26.231791747438383,-0.6429326706500795
20200902,25.9557277255119,-1.1312408205697864
20200903,28.605423353624793,-0.07182489609310849
20200904,30.050692520775623,0.2208175558195684
20200905,28.41160066926938,-0.13349845442574448
20200906,26.081450488145048,-0.3441578667729317
20200907,28.320576816417084,0.25087728224415784
20200908,32.39867109634552,0.8809827641295946
20200909,30.23789764868603,0.6117385604534427
20200910,29.54268292682927,0.1338942247435
20200911,28.478236761851953,-0.2246365369890988
20200912,29.800556328233657,0.19842223699489736
20200913,30.03312917594655,0.5645255268287883
20200914,26.950390189520625,-0.19574094669949815
20200915,23.21376608841634,-1.3121292868470213
20200916,29.566565181289786,-0.09590463819946748
20200917,32.71456256921373,0.4531256631977847
20200918,35.36318270030496,0.9835637054932853
20200919,28.580915178571427,-0.17423444995174364
20200920,27.935979871400615,-0.29959275779227923
20200921,29.187707641196013,0.3196167788107722
20200922,29.00110741971207,0.8267630473279617
20200923,28.95214790647091,-0.08777389640269462
20200924,32.35582154515778,-0.051248717722284454
20200925,38.285714285714285,0.41750451220132945
20200926,39.42280945757997,1.5488420398583678
20200927,32.11784417760402,0.5974091866004869
20200928,27.52828618968386,-0.2370602073588799
20200929,24.530634876628778,-0.6386389347261847
20200930,27.914380714879467,-0.14825245594163405
20201001,28.02079866888519,-0.6192889823246581
20201002,38.05642023346304,-0.032756293178746176
20201003,40.53037904124861,0.15822422623837795
20201004,40.29564489112228,1.1682572447883182
20201005,32.86067166250347,0.7617693532599432
20201006,33.86344712739384,1.333258892966441
20201007,31.366416458159577,0.4931479633257254
20201008,28.960200389646534,0.13420024582305956
20201009,23.809933407325193,-2.0352124037339863
20201010,24.77529969333705,-2.250725621130222
20201011,24.726027397260275,-2.22423107055171
20201012,25.205776173285198,-1.0935564984597583
20201013,26.95165323701028,-0.9873991271976514
20201014,32.55589543937709,0.16992556874535936
20201015,26.415209547599222,-0.36357012029247215
20201016,23.390833333333333,-0.05987143914169479
20201017,23.939486893474623,-0.11940182855177284
20201018,25.939681653169504,0.17337917941560121
20201019,23.809880655009714,-0.19941364546792428
20201020,29.105015239678583,0.3076231432383274
20201021,29.27371048252912,-0.4688835652639938
20201022,25.993063263041066,-0.06030661207973864
20201023,24.95929105510939,0.22406538882514937
20201024,27.498607242339833,0.5084457641236035
20201025,30.050530429927417,0.5872641109654175
20201026,31.874687413170324,1.152115251165803
20201027,28.46851595006935,-0.09092846994417769
20201028,29.34636716583472,0.010379526186515164
20201029,27.830598052851183,0.2625049699728699
20201030,27.84344693821003,0.4120222690143791
20201031,28.254388409027584,0.10796873809825058
20201101,34.20278940027894,0.5931798529073582
20201102,36.88895042924398,0.7163232880105213
20201103,29.876420060958715,0.2011291586984818
20201104,30.226441241685144,0.12572486797863647
20201105,35.089042995839115,1.036920706141128
20201106,30.165328163943506,0.3316973179619289
20201107,26.76064569997217,-0.21339181557934594
20201108,20.805640882435075,-1.913878359691978
20201109,20.836763070077865,-2.2931696227380165
20201110,19.073672504865165,-1.5432496508705071
20201111,22.74972191323693,-1.068102761206891
20201112,25.144166666666667,-1.4206966184532064
20201113,25.03849349210745,-0.7324049531194348
20201114,25.92900890868597,-0.1188052558980317
20201115,33.76768802228412,1.8517210199784309
20201116,34.85773595350125,2.0029961262033495
20201117,33.729752296131366,2.0937256844665946
20201118,33.207087486157256,1.4939093675600503
20201119,40.09562084257206,2.135922025129336
20201120,35.30828943720543,1.4671137064425679
20201121,37.19313424504605,1.6091607623371615
20201122,31.248811853508528,-0.3598394526822304
20201123,27.571705963938975,-1.0408614270803227
20201124,26.96700859439978,-0.9661062431045124
20201125,26.947645429362883,-0.8942060081134855
20201126,21.17891816920943,-2.702386096194658
20201127,20.72418591706095,-2.0834433600206417
20201128,21.36200616419165,-2.261589725836341
20201129,23.164663125524182,-1.1548783897120494
20201130,26.091212458286986,-0.2114990722359984
20201201,25.77208529493215,-0.1707033284953745
20201202,29.076005547850208,0.30405144549818885
20201203,33.61544850498339,1.7766471908248498
20201204,37.73324099722992,2.429865011452712
20201205,32.68994413407821,1.618276852840932
20201206,30.86133631534806,1.099524741403414
20201207,31.72760055478502,0.8051982994997218
20201208,30.556606397774686,0.6835030146917909
20201209,28.78245225574315,-0.04193618458672432
20201210,25.884977827051,-1.1043529539903432
20201211,29.34359400998336,-1.1985209981780791
20201212,25.755648535564852,-0.9906136569304778
20201213,23.861289422271838,-1.0000066990108891
20201214,28.320655191560245,-0.4867064804606862
20201215,26.248405877460492,-0.615457217187739
20201216,24.039579296983117,-0.6775532798228632
20201217,25.52448132780083,-0.05149949989288061
20201218,25.942137320044296,-0.48592238427700707
20201219,28.869271858307563,0.44480333182038834
20201220,28.705242610150584,0.6919933125541036
20201221,27.474951563797397,-0.12081480396611965
20201222,29.110587583148558,0.40888310081258084
20201223,27.44518456841521,0.48651503877601243
20201224,30.55945419103314,0.7192818376046155
20201225,32.00782997762864,0.8665275225120475
20201226,36.80795072788354,1.1340969813679962
20201227,45.5475189234651,2.4060394733306474
20201228,41.52995263304542,2.007857295606861
20201229,34.03061508488728,0.7028610716769563
20201230,24.95624303232999,-0.3555630765836
20201231,23.8802010611561,-0.9541790185538659
20210101,21.75823247959471,-1.4642282140048408
20210102,22.953389830508474,-1.9792229853392946
20210103,24.47909604519774,-3.0097746968953416
20210104,26.421392476137,-2.158365736701203
20210105,26.181128896377423,-1.1213551697871225
20210106,24.28112676056338,-0.09644518168094507
20210107,23.97002801120448,0.012832421435483354
20210108,22.92156862745098,0.16619087826517998
20210109,24.174356071327484,0.17442374868843658
20210110,26.31466742467311,0.2622244827821909
20210111,29.62065095398429,0.4570369254067579
20210112,34.33240067151651,1.1644673964484369
20210113,34.675146771037184,1.4848600014962585
20210114,31.247272727272726,1.0396063880097515
20210115,24.595011210762333,0.23906322618733356
20210116,28.452542372881357,0.6111694716505554
20210117,23.834981633229727,-0.3542408273490558
20210118,26.008412787436903,-0.5160340237924856
20210119,29.54901960784314,-0.6833401519533346
20210120,36.12300810735253,0.20683733375933144
20210121,43.306837606837604,1.722794982794987
20210122,42.0565351245452,2.494503416254691
20210123,33.39463276836158,0.7060129136400306
20210124,28.625529511437446,0.6843639826011056
20210125,28.17250070008401,0.30915541609244457
20210126,31.28811659192825,0.2484424262978706
20210127,27.647075286873775,-1.21084754578267
20210128,29.36444941307993,-1.9917697419653884
20210129,31.8869297509096,-1.4528007676622252
20210130,32.77358490566038,-0.08872112324303316
20210131,27.13444193912063,-0.21301251033096946
20210201,25.184490481522957,-0.4268586026515848
20210202,24.96410401356699,-0.9034303683373182
20210203,30.045467224546723,0.34262741966755783
20210204,29.860328965709506,0.07083993608994277
20210205,26.054144571588054,-0.8332550256173654
20210206,30.96290050590219,-0.25866919996545334
20210207,37.875,1.5343654372684803
20210208,33.537580329701036,1.1932985497397262
20210209,29.592947813822285,0.6612634000364679
20210210,27.24190368910166,-0.40050907649214906
20210211,32.914213358657804,0.4362691989926155
20210212,32.163336504915954,0.8727417047611254
20210213,33.87154929577465,0.41552125569607057
20210214,31.178109172763083,-0.9566986896052789
20210215,28.219709659408153,-0.7596958100418405
20210216,27.41312849162011,-0.31140276031459635
20210217,31.18057493720346,0.5626673211574023
20210218,28.447111359196203,-0.638157428494516
20210219,29.09689162699524,-0.4380635539886697
20210220,29.74809830310123,-0.5890644275247787
20210221,31.275234574921807,0.013875057451251394
20210222,26.82613541376428,-0.1990820350919833
20210223,29.333890746934227,0.2743946079020141
20210224,30.416017797552836,-0.10922244852151763
20210225,28.317941585535465,-0.018452824808679935
20210226,27.08050139275766,-0.2880557477482242
20210227,31.496074032529446,0.2497108184897492
20210228,28.772102161100197,-0.35759034483166374
20210301,29.90002784739627,0.43912749051886024
20210302,24.91866964784796,-0.6307458712980392
20210303,23.674198047419804,-0.9631171071618603
20210304,26.383328686925008,-0.2763732712300708
20210305,29.45299860529986,0.33892817322032087
20210306,31.695334457560428,0.028465775004423932
20210307,29.156179775280897,0.05486823059724344
20210308,23.97569153394803,-0.8463337590640343
20210309,24.329799107142858,-0.08412436295787273
20210310,33.632925472747495,1.4226753464753834
20210311,48.08561835478456,3.1003270954085096
20210312,41.16341327384272,1.6729163812204035
20210313,38.049424319011514,0.907727123064447
20210314,33.40803145183937,0.6074073823654942
20210315,33.198827143256075,1.3175908013297217
20210316,33.95445655210953,1.3749510635666624
20210317,31.016169500975746,-0.37382228168167586
20210318,26.253415110119878,-3.1188861778092374
20210319,29.751254880089235,-1.6303083419647848
20210320,32.964345873104996,-0.7264397779866449
20210321,37.934306569343065,0.6466107310719487
20210322,34.165970481759956,0.1381633340719901
20210323,35.014755011135854,0.15147120843233353
20210324,34.28173719376392,0.4665096703983096
20210325,27.590478841870823,0.1910091045358513
20210326,29.809245335561126,0.008284350781693206
20210327,35.21436588103255,0.3214314297039351
20210328,32.88726864834548,-0.7210054172853617
20210329,34.420422927100724,0.036350349334391296
20210330,28.34474123539232,-0.9528591108205049
20210331,25.437708565072302,-1.2634326612416622
20210401,28.781894150417827,0.17020218693528477
20210402,32.92447045707915,0.445032160216865
20210403,33.66460500421704,-0.221394410973641
20210404,35.569377990430624,0.38315847744073395
20210405,43.41145102441762,1.2844325853309826
20210406,45.91334633602675,2.5098007286620643
20210407,37.74853638137719,1.7586896880435532
20210408,35.188058035714285,0.9151662693280684
20210409,35.684797768479775,0.39433247305723285
20210410,33.10876897133221,-0.0794051475549793
20210411,32.05403884041655,-0.5021913071448694
20210412,31.87283398546674,-1.6483738627072668
20210413,31.413158628380263,-2.0714553868066403
20210414,30.41246868911773,-1.0480096703227844
20210415,28.24804905239688,-0.9914298547596267
20210416,29.220862308762168,-0.9234193513882261
20210417,25.921722113502934,-1.0267209796898982
20210418,22.688776938147214,-1.3378945574670489
20210419,21.940963519910888,-1.418838637936549
20210420,23.987479131886477,-1.0608113566419703
20210421,29.271917617589757,-0.16293586736113852
20210422,33.820534223706176,0.7960693101870397
20210423,31.443330548593707,0.31749546283308305
20210424,29.733296058149286,0.5445105635209053
20210425,30.624264499859905,1.1336410802446686
20210426,26.802730565617164,0.6945381493866094
20210427,25.010860484544693,0.14619733609402985
20210428,26.7,-0.3674168025128246
20210429,28.27937915742794,-0.7915935808968868
20210430,26.231561369329253,-0.7445384541806348
20210501,24.342511941556616,-0.7701120166560997
20210502,30.388436710637105,-0.0336896841746821
20210503,30.119922092376182,0.47388450382271685
20210504,39.41301939058172,2.0574512722910008
20210505,37.841638981173865,1.591662711596264
20210506,31.507218212104387,0.46111986495377977
20210507,28.83564686285397,0.3720122133606729
20210508,29.822346368715085,0.7828334895940685
20210509,33.00447427293065,0.37371965175622535
20210510,34.05991678224688,0.5628563842672349
20210511,29.891111111111112,-1.36027261135294
20210512,28.34848904907125,-1.3561642760146597
20210513,28.02888888888889,-0.4969041890307828
20210514,26.73655019412091,-0.2998709526761516
20210515,24.779235277700252,-0.720444441573548
20210516,26.712370846132366,-0.8988719181140432
20210517,27.974245361395734,-0.8693816315501657
20210518,29.54142421723469,-0.04995527055377025
20210519,27.410803324099724,-0.13395510356736295
20210520,31.122714681440442,0.44197511322165184
20210521,35.32863070539419,1.2274400730390376
20210522,33.98049052396878,1.3144650351812217
20210523,30.02177554438861,0.4727720997508875
20210524,30.435506241331485,0.35160869713368115
20210525,32.723085460599336,0.4545230347663818
20210526,31.931912538057016,0.6458727448510331
20210527,27.54912814835317,-0.5105123618696048
20210528,26.46489773355445,-1.266247567405678
20210529,24.775521557719053,-1.3149955666071023
20210530,27.00195530726257,-0.4314028910180099
20210531,24.16228191636666,-0.8961749035664006
20210601,27.43980071962358,-0.7547549629965395
20210602,27.842368640533778,-0.5842205567890275
20210603,27.90522512506948,0.05087099667375483
20210604,24.500138312586447,-0.28067991728114094
20210605,24.92543127434613,0.02141567380386533
20210606,23.621372767857142,-0.48294036277220087
20210607,23.659645232815965,-0.07180524050724202
20210608,22.8698421489892,-0.6528512243763416
20210609,25.110403984504703,-0.3902806651470101
20210610,26.25560786485738,-0.23565960860172908
20210611,29.293027116768123,0.6846984005973802
20210612,32.03837597330367,1.0161349569939375
20210613,36.62207357859532,1.8572429729625988
20210614,31.797229916897507,1.1625120977259336
20210615,30.16749723145072,1.0425221546373606
20210616,27.94301521438451,0.4046587471256835
20210617,28.24225663716814,0.28380696747296597
20210618,27.886615044247787,-0.20091601036004647
20210619,27.044871794871796,-0.7133577397759865
20210620,27.862788755914277,-1.2513264032401494
20210621,31.16828120675339,-0.0898498157348726
20210622,28.79111111111111,-0.1966265886199423
20210623,26.50720620842572,-0.2051155722798299
20210624,25.773987798114256,-0.35260983415055236
20210625,27.003328710124826,-0.12618376201756476
20210626,24.286912751677853,-0.393994149027705
20210627,27.31545124336407,-0.07819107322145769
20210628,26.368975069252077,-0.6856151625001878
20210629,28.430474604496254,-0.05151950094498048
20210630,30.909393183707397,0.628883853611665
20210701,31.49417960088692,0.8171702575389546
20210702,27.511511789181693,0.07259758272240902
20210703,26.0480581167924,0.2515921950163609
20210704,24.32316731952994,-0.4274691319763022
20210705,27.340271995559256,0.13875670375816895
20210706,30.4127600554785,0.2831836358546056
20210707,28.240766453762845,-0.38123238999207487
20210708,27.341179728607035,-0.5932856960399846
20210709,25.53368450235653,-0.2825467552607357
20210710,23.88069293098631,-0.3096235979723012
20210711,25.14381645215445,0.11723559037493203
20210712,23.666945140629352,-0.5247609792757046
20210713,27.220433092726264,-0.4560467089646032
20210714,25.184611126487685,-0.4365936181821688
20210715,26.1571747627024,-0.16914356655780338
20210716,26.802777777777777,0.1812990393458911
20210717,28.799888049258325,0.7027421597531465
20210718,29.67451640033642,0.6472428497402802
20210719,29.156032320980774,0.7841553114787772
20210720,27.100139082058416,-0.0171848586668375
20210721,27.0047196002221,0.26001549624777454
20210722,25.587468810645966,-0.08138656457948557
20210723,23.52258243280687,-0.4685993349958508
20210724,23.524380050153248,-0.7536439998721498
20210725,23.26543727298128,-0.9155827324793044
20210726,22.99472807991121,-0.8801863201527986
20210727,25.956171983356448,-0.16342387124313618
20210728,28.58534554537885,0.22580370645096437
20210729,31.18684064408662,0.7999102619200933
20210730,29.670271769273434,0.878241333780938
20210731,30.69843487982113,1.024864975666837
20210801,28.688373392956958,0.7747051599965253
20210802,28.58370288248337,0.7984249717960239
20210803,24.82349681352175,-0.16181073854781403
20210804,24.136174923885967,-0.6355958030704123
20210805,27.348946784922394,-0.5482705513091766
20210806,32.07018513401492,0.3428447663916394
20210807,32.66926503340757,0.2815471647980665
20210808,31.264550264550266,0.36802526737047003
20210809,26.9817528338402,-0.22885000694902402
20210810,24.259116022099448,-0.08062582734604362
20210811,23.457918050941306,-0.09689383899209147
20210812,24.158142106718273,-0.4558292397434478
20210813,25.786980609418283,-0.8976006463709503
20210814,27.89813526301141,-0.6815899671994465
20210815,27.750765803397382,-0.5019692087361278
20210816,31.499446902654867,0.6453848669735294
20210817,33.403047091412745,1.3062758670447536
20210818,34.446413735807255,1.5697850978379897
20210819,29.376382743362832,0.7454629480920794
20210820,25.621711437274993,-0.023609881734753202
20210821,22.294722222222223,-0.8004875772556019
20210822,24.113244296048972,-0.5196459296211984
20210823,26.69432918395574,-0.6864453883855859
20210824,29.49268561965222,-0.5586230673943646
20210825,31.359535012455023,-0.44098267476460506
20210826,31.256289742880842,0.2685581427882866
20210827,29.087496549820592,0.4951121589350862
20210828,25.686285397001665,0.4845090249684958
20210829,26.253333333333334,0.3057270053263359
20210830,27.142975434722604,0.06409232153811928
20210831,30.010758620689653,0.07401042871963526
20210901,32.5283384019906,0.16697191279079604
20210902,30.541747037751446,-0.10207752930419645
20210903,28.15388858246001,-0.13337256676580012
20210904,23.329444444444444,-0.33669156465103356
20210905,25.10631784024492,-0.16385935615548775
20210906,22.596121883656508,-0.6495505072951531
20210907,25.152,-0.6941083743842356
20210908,27.83581677704194,-0.670360232135522
20210909,24.99532710280374,-0.7923457049925275
20210910,22.04435261707989,-0.8727908521971628
20210911,22.029411764705884,-0.18571895424836526
20210912,22.819849874895745,-0.32663828076416834
20210913,26.01214463152084,0.48800324969490205
20210914,21.821754774425685,-0.4757493179391865
20210915,23.474178403755868,-0.6230911961837258
20210916,25.268508287292818,0.039025883498439384
20210917,28.668691330756488,0.9463341019538021
20210918,27.359145156813767,0.7613904845868404
20210919,29.366056572379367,0.9351723853548037
20210920,27.86657458563536,0.26491856487350063
20210921,28.856985091109884,1.0050329023834585
20210922,33.3267955801105,1.4075167394792274
20210923,35.18793055938275,1.4170603245842806
20210924,34.67706320728678,0.8583388395043272
20210925,26.474355420016636,-0.12639853382816213
20210926,25.290197167453485,-0.5822656292751276
20210927,30.26048565121413,0.341987295082685
20210928,28.35735984534659,-0.07137503510904253
20210929,31.17655172413793,-0.3071776937103685
20210930,31.91119054165521,-0.46810571681821855
20211001,33.88080197747871,-0.11375160425829733
20211002,32.98232044198895,0.9297092888531893
20211003,42.57245575221239,2.4688940835369877
20211004,35.280353200883,0.717123935666983
20211005,37.741773563859454,1.3406305312161209
20211006,31.844950603732162,0.09548555422774285
20211007,30.98872387238724,-0.13178095275256396
20211008,27.121998343913884,-0.9655433762235432
20211009,26.89244024458032,-0.8699828853440934
20211010,26.4555338723167,-2.3024174114136677
20211011,29.080221300138312,-0.8857331286778134
20211012,28.25912610619469,-1.3546639225235388
20211013,28.379215035931455,-0.4951050811143851
20211014,32.198616874135546,0.17284185739261204
20211015,32.03986710963455,0.7025526808172415
20211016,29.059722222222224,0.3096117110917014
20211017,26.70606229143493,0.03578977415974549
20211018,25.133646928610958,-0.5637963387896257
20211019,29.750967385295745,0.21312018272872635
20211020,38.620794263651405,1.4630827468171326
20211021,46.6888459414688,2.070032723904749
20211022,38.53901494189264,0.9284496903225872
20211023,30.83864707513169,0.25413212184420786
20211024,30.663886572143454,0.565403468672649
20211025,30.12234189450428,0.7126707094133309
20211026,28.510585647511686,-0.17719739111200994
20211027,32.279296875,-0.9059281983787741
20211028,32.182455156950674,-2.0723415406454464
20211029,32.56294864715627,-0.8537237563909059
20211030,32.811842833425565,0.28188510832769964
20211031,33.9174743838272,0.46479825881196035
20211101,35.66120522077201,0.7912661894668176
20211102,30.785911602209946,0.3250465649568923
20211103,28.363611264494754,-0.5593836586436041
20211104,31.62244333886125,-0.08000168829848775
20211105,29.199115044247787,-0.4805476575583576
20211106,33.610277777777775,0.11406213490745998
20211107,32.37266907876426,-0.2206864721518471
20211108,28.03489338133481,-1.0894731199195995
20211109,32.201880530973455,0.20228127553764352
20211110,33.25331491712707,0.6985290932331871
20211111,28.471844660194176,-0.45008552552387115
20211112,27.03179430467238,-0.30961724851076866
20211113,23.513168838369836,-1.4424441342011356
20211114,25.42904748680922,-0.9919459417078613
20211115,29.84366353071389,0.2583957356255837
20211116,30.216097023153253,-0.2836833582600278
20211117,29.31980115990058,-0.5619305367466438
20211118,33.298119469026545,0.6894678298331947
20211119,36.79252077562327,1.3943894958501275
20211120,34.03894297635605,1.5036820197123184
20211121,28.244345154984643,0.4021853811679108
20211122,28.74257150791447,-0.1572988603999157
20211123,29.11163304780326,-0.15778056790714245
20211124,28.520088667220836,-0.11424464181138916
20211125,29.12919323537566,-0.5955608905215577
20211126,34.0030487804878,-0.39849599930506585
20211127,32.470982142857146,-0.22399440478555377
20211128,30.294577976523197,0.2928904030769388
20211129,35.048597611774504,0.9008608719800044
20211130,44.11284046692607,2.143029631303257
20211201,39.90744858254586,1.6267657021892887
20211202,36.06057238121701,0.9901970208344792
20211203,34.61149680644265,0.08692114656497552
20211204,36.40949720670391,0.5626450091209705
20211205,31.518062167460094,0.1747834558481287
20211206,33.16346955796497,-0.26930400768707585
20211207,36.981347438752785,-1.018784718310478
20211208,38.99440246291632,-0.13043515994706922
20211209,33.59458705357143,-0.35228361823508436
20211210,34.405239687848386,-0.02946530265632674
20211211,30.277715565509517,-0.8759688058849093
20211212,34.26984572230014,0.39311193640571673
20211213,27.685971324149563,-0.7824997476879147
20211214,29.175944055944058,-1.1150576261155294
20211215,31.941618015012512,-1.0075406354148306
20211216,32.71,-0.12636957908163282
20211217,31.26,-0.4493199554069136
20211218,34.490655509065554,0.6018485633651522
20211219,38.350195640022356,0.5829071311031733
20211220,31.89794215795328,0.6017101191148129
20211221,23.92981969486824,-0.749446337296547
20211222,23.74792013311148,-1.1705282688430039
20211223,29.333333333333332,-0.48238095238095013
20211224,34.743134535367545,0.4975906479096466
20211225,32.07614781634938,-0.34492967038801936
20211226,26.43800727679821,-1.7017411947463117
20211227,27.3355629877369,-0.651768452888053
20211228,31.734222963580763,1.1149147526732186
20211229,28.922734852695942,0.739259245654921
20211230,31.949067631505706,0.37367632831034214
20211231,32.36292791539104,-0.34002951713950225
20220101,34.625942684766216,0.3642564097738301
20220102,36.83087571471562,1.4846954911310597
20220103,40.853899014042426,1.9311908609007915
20220104,37.89791044776119,0.88052678345435
20220105,41.162894580107206,1.748594246773031
20220106,36.11197604790419,0.594701202342641
20220107,32.88212473888392,0.0741709747846997
20220108,33.54998498949264,-0.153708242181942
20220109,33.31180534695103,-0.5027243382520794
20220110,32.08445240226798,-1.2527780873963508
20220111,37.83045806067817,-0.009636055297569612
20220112,40.035926365795724,-0.1609954591873617
20220113,44.097321428571426,1.1407636258096048
20220114,43.738287078484035,1.5508803342285944
20220115,33.24579831932773,-0.04345523859499423
20220116,37.537142857142854,0.6036196443131203
20220117,48.159701492537316,2.2964641557527656
20220118,38.71211217183771,0.12595058730850184
20220119,40.194758784991066,0.02269034559933658
20220120,48.18938264240978,0.5845801734054774
20220121,41.80023923444976,-0.2768639777191879
20220122,37.956364730665065,0.6729380587624831
20220123,35.18009621166566,-0.3367209493538894
20220124,34.84241882633304,-1.9024689523148908
20220125,30.367213114754097,-1.1921284367262288
20220126,34.09158711217184,-0.8718816675456083
20220127,39.811754176610975,-1.1968040665426827
20220128,44.06326469710534,0.3232893518079365
20220129,48.954109178164366,1.5711063496427613
20220130,52.35986782817663,2.4542530880729885
20220131,40.796529024536206,0.8505871711718882
20220201,44.113263785394935,1.963721524377256
20220202,40.66984221494492,0.9397507289675815
20220203,34.76235854675402,-0.7213422328366974
20220204,41.0715137067938,-0.42739299861593594
20220205,46.26558752997602,-0.38407452116976515
20220206,47.495195195195194,-0.6949532332830657
20220207,46.63766388557807,0.834447837291691
20220208,46.72291666666667,0.3728075544673928
20220209,41.12938726948245,0.0656492935053663
20220210,36.05997624703088,0.18537395718240646
20220211,35.14090368608799,-0.8472300029579714
20220212,37.53397186471116,-1.2473736664664088
20220213,39.31374888159857,-1.1687780447995166
20220214,37.72212389380531,-1.2736485702532576
20220215,37.1687813514311,-1.3648764736050794
20220216,43.276785714285715,0.3067712064004695
20220217,52.830059523809524,2.395726182396949
20220218,47.89484658921656,1.821991843304076
20220219,46.79382679053042,1.3228364179741874
20220220,44.62473794549266,0.7587127234134385
20220221,49.220964860035735,1.6426915666043485
20220222,43.701043219076006,0.93318026680641
20220223,41.95020870602266,-0.18951100118043485
20220224,43.08365700627427,-1.3923432167907421
20220225,41.38307416267943,-0.9302532037910254
20220226,38.13517572844698,-1.2369501517262051
20220227,41.17694854047547,-0.49254134357388324
20220228,36.36178496555855,-1.8370256992110257
20220301,34.258507462686566,-1.3489336794842046
20220302,31.40388639760837,-1.5066174726306087
20220303,27.806480648064806,-2.1824537654585043
20220304,28.62197670946551,-1.823013921887707
20220305,30.596996996996996,-1.0768826759214178
20220306,30.65235664965476,-1.5035131272601028
20220307,31.25455088033423,-0.729604869317761
20220308,30.507898658718332,-0.5358012577097462
20220309,31.584102411431974,0.02574514483194079
20220310,38.22470238095238,1.4883173904125115
20220311,40.57750669443618,1.707932854995807
20220312,35.01652644230769,0.6313613493301062
20220313,32.98142043751873,0.33272339826627473
20220314,31.04883859440143,-0.029387469418963974
20220315,29.187853527835664,-0.18857787584038732
20220316,31.725782414307005,0.02024000041072327
20220317,34.93966547192353,-0.469290987004122
20220318,36.9165673420739,-0.5229913360517529
20220319,39.290254872563715,0.6105326328937082
20220320,37.00900090009001,0.5753686375101879
20220321,33.449880668257755,0.3430060105509014
20220322,30.581443914081145,0.19908434089221316
20220323,28.432021466905187,-0.47053727820026126
20220324,26.64458370635631,-1.1850116807953128
20220325,31.70597014925373,-0.7443710275457391
20220326,34.7419645539201,-0.6497557598062293
20220327,34.85150602409639,-0.3082135537133759
20220328,35.094412907080965,0.2349331769747458
20220329,31.54121863799283,0.13711067484452144
20220330,30.728114729608606,0.32801332324335064
20220331,33.91527446300716,1.0386701080929797
20220401,38.225604297224706,0.9313763068529965
20220402,37.84289576449384,0.4429901729390977
20220403,35.484501956063795,0.09042799028105719
20220404,40.86303827751196,0.8240893386330015
20220405,43.84479135394776,1.7576532451364244
20220406,38.97624774503909,1.1783047164900609
20220407,46.41471471471471,1.7856343216725108
20220408,46.74910394265233,1.217642806489664
20220409,45.88328832883288,1.148627509191293
20220410,42.42325022529288,0.9912497527470094
20220411,36.361028093245665,-0.6431443120380322
20220412,28.863337320574164,-2.140207719053386
20220413,28.642750373692078,-1.4762139101924276
20220414,25.844863731656183,-2.9385501404369307
20220415,27.90311004784689,-2.6922848421150576
20220416,35.81236865806064,-1.4387028101103212
20220417,32.990078171978354,-1.3475960076163638
20220418,27.709183673469386,-1.2359777742537545
20220419,27.211704986563152,-0.23594747628728996
20220420,29.614580221093515,0.138832835343063
20220421,31.393017009847807,0.7925933254559467
20220422,35.36212030970816,1.065572894551611
20220423,35.01887357699221,-0.11335644015262858
20220424,35.371316897173784,0.34017696074220183
20220425,29.778944211157768,0.29568007681262287
20220426,28.973754846406205,0.25172140854901315
20220427,29.527976190476192,-0.012372004373908396
20220428,31.274107142857144,-0.01698712385580592
20220429,27.747315035799524,-1.087829324844094
20220430,26.67058823529412,-1.1926121916711558
20220501,25.750752558699578,-1.3743663340677443
20220502,31.35056784219964,0.22451766157741204
20220503,29.17652329749104,0.028966921583545968
20220504,27.705882352941178,-0.2602991196478577
20220505,29.812593255744552,-0.2087876981589396
20220506,31.58693707127945,0.5485174336399865
20220507,33.75104853205512,1.0114943281087179
20220508,30.848903574647043,0.728307287992493
20220509,30.780524121500893,-0.08143481724267687
20220510,32.50223813786929,0.47510212005403574
20220511,33.5244776119403,0.8312278941427316
20220512,36.2049522673031,0.9131941445083633
20220513,34.671052631578945,0.44058793718564004
20220514,31.220552884615383,-0.36149937820567857
20220515,29.875983061101028,-0.1389886447922848
20220516,30.64913329348476,-0.018770118288024662
20220517,30.685876381009255,-0.2594802509799976
20220518,32.851597491788596,-0.09612573145025038
20220519,29.82567975830816,-0.9113246441421303
20220520,30.17365269461078,-0.6424857052811639
20220521,33.33513513513513,0.30208317864567746
20220522,28.18206439963888,-0.24198838020888047
20220523,32.458918434418884,0.25854073441916015
20220524,34.116327751196174,0.49006448145527415
20220525,35.02842609216038,0.31097551433882487
20220526,36.31508078994614,0.9270572902339964
20220527,38.84997011356844,1.2394739169939513
20220528,37.78031898886548,0.6350262648186273
20220529,30.117328519855597,0.27646630288810314
20220530,25.267424469039785,-1.0273562807684442
20220531,25.62425328554361,-1.2131534950932235
20220601,26.684257602862253,-1.192024069899734
20220602,27.210447313119182,-1.300661925260993
20220603,30.057910447761195,-1.2560085236867522
20220604,30.90813569498649,-0.9817404705541399
20220605,31.050888286660644,0.13336568097215107
20220606,30.276181926989825,0.7155367797071506
20220607,29.42831487578569,0.5434373700345816
20220608,29.689352692075015,0.4292992984589681
20220609,30.902239709443098,0.5273989137605568
20220610,26.861631419939577,-0.4566112896888015
20220611,26.771732522796352,-0.5909147388843081
20220612,26.449103615922212,-0.6573978101054898
20220613,25.150015092061576,-0.7323095478468922
20220614,22.323076923076922,-1.0150339932441135
20220615,19.382760699216394,-1.4723702846940832
20220616,19.617469879518072,-1.6121099757035786
20220617,23.205182283820427,-0.5223498765884464
20220618,25.48787878787879,-0.18340767641679534
20220619,25.817269686834905,-0.09026198986961731
20220620,23.610006027727547,-0.22000129490485776
20220621,25.031334739379332,0.3868939737574806
20220622,23.070917759237187,0.5268795800029729
20220623,24.54031538232669,0.7032636432583743
20220624,24.14839094159714,0.1347440939680986
20220625,23.649939903846153,-0.26256269771894836
20220626,21.729166666666668,-0.5840147171668839
20220627,23.28451632225217,-0.04649852935363086
20220628,24.295909226634816,-0.10506078753492432
20220629,21.389055023923444,-0.24026610504482449
20220630,19.652069586082785,-0.698320828034845
20220701,23.620359281437125,-0.07543309430857192
20220702,26.44246987951807,0.39893285366741793
20220703,23.030495169082126,0.18590407177363488
20220704,22.585555888522624,-0.0998514905327923
20220705,25.544148458545347,0.1783198902729346
20220706,27.74671052631579,0.9082365003417614
20220707,28.0625,1.2014900591310322
20220708,28.917759237187127,0.7567714222500044
20220709,28.63203592814371,0.31279514980365875
20220710,25.89838129496403,0.40969801798312844
20220711,22.170935080405002,-0.05923154401680364
20220712,23.110252600297176,-0.34769940832116575
20220713,25.859138187221397,-0.2696531912991986
20220714,26.6301247771836,-0.20462503183091485
20220715,27.961332540154668,-0.13663238529035127
20220716,26.39664971582411,-0.31934088747422607
20220717,23.34182908545727,-0.3652217442152548
20220718,20.722156045265038,-0.20696843359142036
20220719,20.039583333333333,-0.4386670381376945
20220720,22.884615384615383,-0.4249318289437163
20220721,22.218982445700686,-0.6301631902118423
20220722,22.01666170782505,-0.849238690332804
20220723,21.84062312762133,-0.6508609411718282
20220724,23.051889622075585,-0.04141992334023925
20220725,25.276088252832437,0.6505617439381979
20220726,26.464285714285715,0.9178146258503439
20220727,24.646410485552575,0.25168501441959634
20220728,21.404521118381915,-0.11635161818839634
20220729,18.619387451680048,-0.485324893735001
20220730,22.10881913303438,0.03831371505900805
20220731,22.6191904047976,-0.061814173896848956
20220801,21.103068215668753,-0.5961457195948157
20220802,23.495238095238093,-0.4241496598639465
20220803,22.875706214689266,-0.2529577529804712
20220804,20.980975029726515,-0.06050658409363052
20220805,22.690936106983656,0.581649807900515
20220806,26.9012012012012,0.6846260097381176
20220807,24.30186410102225,0.24038195660352102
20220808,19.87246117084827,-0.17580100640292784
20220809,21.425156856886765,-0.29572589119304027
20220810,25.326877234803337,0.35016728858771984
20220811,26.014247551202136,0.7190389316393713
20220812,22.947963128159383,0.0367181458822472
20220813,19.776780371035308,-1.0177744043094066
20220814,18.76551724137931,-0.7909066942347103
20220815,20.293237582286057,0.060110915919683094
20220816,20.600950118764846,-0.11774381973170023
20220817,22.41931649331352,-0.4153658202128305
20220818,21.725326991676575,-0.6127029370750812
20220819,23.834772253646918,0.1266870179267876
20220820,24.48335832083958,0.6723682785434697
20220821,22.776576576576577,0.5730084764567529
20220822,23.79134328358209,0.4997293858994354
20220823,21.93629056266746,0.19076292055751765
20220824,20.42171189979123,-0.2853720847889001
20220825,20.016364177328175,-0.2441375449069163
20220826,19.07616780720024,-0.6798006352066679
20220827,18.049985034420832,-0.91905332663125
20220828,20.77651288196525,-0.28572338494447536
20220829,21.195412570747692,-0.3708472446906299
20220830,21.066607195955992,-0.12424048095878248
20220831,21.695342628300207,0.1819472469298553
20220901,21.45039846111569,0.2048620405410766
20220902,21.169598680593733,0.2990615533419252
20220903,20.725936199722607,0.38227873790025413
20220904,19.004723534315087,-0.2531127639500248
20220905,20.810676940011007,-0.05496223296238156
20220906,20.571546505228397,-0.07072295581822985
20220907,19.30644273127753,-0.3412714138603796
20220908,23.02315963606286,0.22468016784959488
20220909,22.161805173362687,0.14174378468128168
20220910,20.39500693481276,-0.04727560927283747
20220911,19.102671118530886,0.013992512030828408
20220912,20.48868028713418,-0.0459995218395477
20220913,22.846026490066226,0.3249257121196898
20220914,24.785517621145374,0.7827249842668316
20220915,26.706853839801816,0.5262420291055712
20220916,28.487066593285636,0.903608774274705
20220917,31.306777316735822,1.5588243402747217
20220918,30.70940882597835,1.6581053867782067
20220919,28.2135761589404,1.1035565531151796
20220920,20.93243243243243,-0.27337057966197165
20220921,20.572882288228822,-0.6018050475595089
20220922,19.741668961718535,-0.995026411154754
20220923,18.366611661166118,-1.4457792760170776
20220924,18.332321280706598,-1.8534937194327412
20220925,21.102599557522122,-1.37240132406518
20220926,26.794004400440045,-0.20279596550004797
20220927,27.23695771554091,0.9006464690154985
20220928,24.733882030178325,0.5944285345642157
20220929,19.031894418476767,-0.10139636332025503
20220930,21.625275938189844,0.46552346814624457
20221001,26.589473684210525,1.1795932005005625
20221002,24.97698280643372,0.5534833212730881
20221003,27.040805073063137,0.035257238946154956
20221004,25.2648112427666,-0.28173521039633087
20221005,28.280629139072847,0.5066781584135001
20221006,31.92652724270776,1.842090403461576
20221007,30.675668228162028,1.292913184281737
20221008,24.53099059214167,-0.2940690131526935
20221009,26.797450817400943,0.26006685870960666
20221010,26.059763150647203,-0.14014884605942513
20221011,22.81124276660237,-0.3505097823091745
20221012,19.75268521068576,-1.2182777040552963
20221013,17.964955849889623,-1.9945101989740195
20221014,18.85529217199559,-1.6886251508809167
20221015,24.548244401437657,0.002464829899427201
20221016,23.948170731707318,-0.4070400122419464
20221017,24.923756906077347,-0.16228660636712178
20221018,20.712,-0.29989182380034407
20221019,25.87462027064347,0.8745621514225341
20221020,23.44201494602823,0.7824370137340857
20221021,23.654570637119114,0.6856112093033602
20221022,22.30186059427937,-0.3209119724511851
20221023,23.503482864307607,-0.06352683819995875
20221024,24.500831485587582,-0.06041791721282053
20221025,21.693200663349916,0.14017152333569882
20221026,20.05110497237569,-0.831930756895396
20221027,20.512855957976225,-0.41845128400742837
20221028,21.618101545253865,-0.2909241559807505
20221029,24.54232583957813,0.32006646361410773
20221030,21.18546365914787,-0.33114560073710564
20221031,19.477959523149433,-0.7175531374911657
20221101,24.357859531772576,0.380665552631811
20221102,25.621606648199446,0.7957859536891085
20221103,26.414451827242527,0.8430851241808988
20221104,26.4196675900277,0.6859380063962632
20221105,27.509187082405344,0.42383732040389077
20221106,25.074826147426982,0.5556232126112981
20221107,25.96392896781354,0.9265670635234464
20221108,24.859994455225948,0.07173356049333535
20221109,25.77842484747643,0.022402599896715003
20221110,26.823285398230087,0.05840479585536684
20221111,29.96160220994475,0.5059906599881501
20221112,23.929966517857142,-0.5113172235068895
20221113,21.645594405594405,-0.4898902488332233
20221114,22.03801331853496,-0.5608450927540858
20221115,25.334349030470914,0.06776493932071048
20221116,26.493613397672437,0.10216979288514594
20221117,30.271440701953015,0.49259361481755803
20221118,29.006397774687066,-0.13645777646538093
20221119,24.698822209758834,0.10983652741452588
20221120,22.649536647009267,0.14342032020212514
20221121,26.027638190954775,0.5699464103456897
20221122,30.260262496509355,0.7037019237197732
20221123,30.814412910406233,0.6172570732476856
20221124,28.530589543937708,-0.2486930225736117
20221125,24.196209587513934,-0.6871697410247357
20221126,23.814762840303114,-0.12629419563653244
20221127,23.684358326312832,0.14783166847193385
20221128,23.846518105849583,-0.311588583586456
20221129,21.182298914556082,-1.2968519402790335
20221130,18.739810161920715,-1.7249432497836494
20221201,17.797928911279037,-1.5332372332369495
20221202,21.25433687744824,-0.42026753000938655
20221203,25.803987643920248,0.28417497194530483
20221204,27.449083215796897,0.5378178413548653
20221205,24.27410313901345,0.06108357616626847
20221206,22.709416037999443,0.21815958906334032
20221207,20.82361189007291,0.29768596116459634
20221208,21.470174451322453,0.5246065057204881
20221209,21.714727374929737,0.06577007106879051
20221210,23.980192416525185,-0.2605421753421595
20221211,27.474191718661373,0.0035869289806456095
20221212,25.19305127486691,0.13127830512192418
20221213,24.7720134604599,0.2946567746372004
20221214,25.14417693169093,0.6172235773740056
20221215,22.191102406267486,0.10298970784928585
20221216,22.771492579109495,0.15096645773996897
20221217,24.70967741935484,0.10421214326137829
20221218,29.42395921835174,0.27853821424147895
20221219,31.862243463592915,0.9527417412465802
20221220,28.53309029725182,0.5372966909702726
20221221,22.613318410744263,-0.36155121727809814
20221222,22.772180240694095,0.08301111920380322
20221223,24.701488345970233,0.27571368098010396
20221224,24.54977375565611,-0.02284338052838919
20221225,23.29383070301291,-0.8757326450484015
20221226,30.76973496722713,-0.15607264233797125
20221227,34.59955257270693,0.8666374679221569
20221228,29.358284272497897,0.9635665516790937
20221229,36.05236768802229,1.8971696353325953
20221230,34.70696378830083,1.429353634618657
20221231,36.08457851705667,1.6478292516286537
20230101,28.348204264870933,0.7220533659797184
20230102,23.98997493734336,-0.9685371471262556
20230103,22.01862145636465,-1.7972758737631835
20230104,32.28838116466982,0.4185852703102775
20230105,34.794043974394654,-0.17976053051823015
20230106,30.673087660524846,-0.5762680182537174
20230107,29.141061452513966,-0.9919310092203872
20230108,33.279251605696736,0.7044353344036836
20230109,35.61232990835879,1.6603364244307812
20230110,37.206225680933855,2.1696577463670224
20230111,36.149125242988056,0.5515348683311814
20230112,34.53037447988904,-0.03766707064365704
20230113,31.361619523017193,0.09836169464176692
20230114,31.67902955939766,0.3625668724119535
20230115,36.39798488664987,0.44553332585044814
20230116,33.061598224195336,-0.36439024059477987
20230117,33.5487906588824,-0.5224907174359217
20230118,29.303114571746384,-0.978001524463096
20230119,28.900166852057843,-0.8043153754044567
20230120,25.48759408976861,-0.8391464904640848
20230121,29.655926029700197,-0.28901478995678076
20230122,27.035043453882814,-1.337563061823861
20230123,29.679108635097492,-0.4832127984425547
20230124,25.973932334997226,-1.0821226176978804
20230125,26.718576195773082,-0.3692197679961886
20230126,24.15478502080444,-0.6779116901790552
20230127,28.128611111111113,0.3772881459060713
20230128,28.58200614696843,-0.15341712610453584
20230129,31.282273872864742,0.6067472027116985
20230130,39.80879487893125,1.4470980348333988
20230131,37.01336675020885,1.5770620593159457
20230201,35.39627881144126,1.2396718022383162
20230202,32.37136527277762,1.173797178853306
20230203,34.072994726616706,0.8491976593579409
20230204,33.81471161883533,0.7475293531238449
20230205,29.831614162252578,-0.20723710151602148
20230206,27.786962552011097,-1.7174046181314537
20230207,28.113850415512466,-1.2713594763851965
20230208,34.7318358291736,-0.09492042603823592
20230209,33.29792531120332,0.13236571977509826
20230210,31.4686030428769,-0.3720559548199738
20230211,29.153503893214683,-0.665886817945804
20230212,29.30411797440178,-0.07535659826440266
20230213,25.55435684647303,-0.31894367221972075
20230214,22.453285278624897,-0.8086521624125105
20230215,20.905079100749376,-1.9752509612034643
20230216,24.742051423831906,-1.2222676981959104
20230217,33.92991689750693,0.3516162649471468
20230218,39.057198660714285,1.4148135382142257
20230219,33.625734265734266,0.6173737559046444
20230220,36.70717463848721,1.5932596845734501
20230221,27.8425,0.7698878173393027
20230222,22.556512079977782,0.23591899703262698
20230223,24.531267293857223,-0.03011201856781298
20230224,28.939108773872128,-0.7129725890906862
20230225,35.14452798663325,-0.5589529534401443
20230226,35.190688597713965,0.2235649045685264
20230227,32.36154910096819,-0.6208036482169987
20230228,28.608575380359614,0.10943934005137024
20230301,26.273832550428295,0.5310457814929315
20230302,25.612662427426045,0.15448501908126389
20230303,26.630368523136603,-0.3298200358193668
20230304,31.95600111389585,-0.4555038389624819
20230305,26.05026528902541,-1.3057747583840786
20230306,22.485571587125417,-1.4108539305489671
20230307,27.11179087875417,-0.21382635737221278
20230308,30.232629238465815,0.5655423840053615
20230309,31.562726008344924,0.8500090829884108
20230310,31.95073346249654,0.7600521341942823
20230311,35.36108017817372,0.48643986632540503
20230312,30.032393186260823,0.5688754138907761
20230313,38.14159046827376,2.2365741258783345
20230314,38.47145232815964,1.622808778486494
20230315,32.87894736842105,0.37804544713646493
20230316,28.93142698500833,-0.37589986047665747
20230317,30.873337028824835,-0.15391377623881652
20230318,24.452314556609036,-1.5583950887949527
20230319,21.325341511011988,-1.2438645250355513
20230320,21.996951219512194,-2.3063770355373663
20230321,22.748263406501806,-2.2461698459511155
20230322,26.885373300027755,-0.8562248669133297
20230323,29.40998613037448,0.06836559219516403
20230324,30.019711271515824,-0.1219465367584327
20230325,32.707310267857146,1.1792851016068724
20230326,27.975160480044654,0.9499741384332445
20230327,34.59255141745414,1.7993714568488457
20230328,33.05390386218394,1.472234350811732
20230329,27.297425853385562,0.05886465047969125
20230330,30.797089280716484,0.19815759290599644
20230331,34.1242356864925,0.5863606307109528
20230401,32.05628308721092,-0.0930038829494606
20230402,28.638489715412792,0.094761319338307
20230403,34.38920134983127,-0.02905000966040916
20230404,34.256526674233825,0.17180325886426928
20230405,29.048135781858655,0.2501014183532959
20230406,31.95752359800111,0.16577633104066436
20230407,27.780650542118433,-0.9062264491962964
20230408,25.39654210819855,-0.9513915684303385
20230409,24.725594405594407,-0.5589850442597708
20230410,31.41098962713765,-0.4254588175276588
20230411,36.31765033407572,0.29444623712026896
20230412,36.869166666666665,1.1172901264011479
20230413,38.764135254988915,0.9723730938553992
20230414,37.5793275909975,1.3998110069827199
20230415,31.817396152773906,0.9172648635107663
20230416,27.576256983240224,0.40723751109226214
20230417,28.87993329627571,-0.36157947583741645
20230418,31.743265993265993,-0.6534834772585398
20230419,33.1551724137931,-0.5305706075533578
20230420,32.07649667405765,-0.9553769401330392
20230421,30.376457523598003,-1.0289814381999278
20230422,27.723955431754874,-0.5847772458598648
20230423,29.617573221757322,0.29161660550244406
20230424,33.269700332963374,0.6271095766696675
20230425,30.758351893095767,-0.14070201431003326
20230426,30.0049737496546,-0.45002838059121686
20230427,26.711363008017695,-0.7664476665771396
20230428,25.65863119977833,-0.6739751891170904
20230429,26.630734590486913,-0.15617440589542397
20230430,29.792584332311122,0.025001587221968435
20230501,26.59827394209354,-0.9530609129814032
20230502,29.964285714285715,-0.11343802554429416
20230503,28.909343715239153,-0.15651857634506428
20230504,26.42351629980496,-0.041120958316103184
20230505,24.844827586206897,-0.11625765908163643
20230506,24.612239221140474,-0.2883564813352031
20230507,26.36092530657748,-0.49023700367623135
20230508,27.28591275354265,0.09823411592129716
20230509,28.428571428571427,-0.21938775510204067
20230510,28.001388503193557,-0.1297078874350852
20230511,25.720852949321518,-0.10038047864048849
20230512,26.63573407202216,0.2558437836878902
20230513,25.601893095768375,0.14137912494684812
20230514,25.36827432394759,-0.14180728323284342
20230515,26.74680732926152,-0.0770150606115898
20230516,31.071408801549957,0.3775481961397844
20230517,35.20805555555555,1.0295238646231475
20230518,27.89689578713969,0.31086326254545327
20230519,26.675443458980045,0.005672769565414626
20230520,29.619471488178025,0.5739397703442322
20230521,26.35883014623172,0.14150797461201847
20230522,22.900803546688834,-0.5494291117960941
20230523,25.428373510667775,-0.8061478986974606
20230524,28.07668881506091,-1.0187666772135167
20230525,30.833010246469122,0.41944492276135037
20230526,31.38521185267239,0.6728240562417582
20230527,29.916041145398943,0.042367093888707075
20230528,29.00950782997763,0.37866824053512715
20230529,27.717706013363028,0.6881289238105985
20230530,28.44478527607362,0.4309159664865483
20230531,29.955561766349916,0.2684104216127139
20230601,28.377568017767906,-0.35077746124303033
20230602,26.44661276833008,-0.7055141549060409
20230603,29.477753058954395,-0.06261258377779555
20230604,24.31168107053248,-0.6711181084921627
20230605,25.217198335644937,-0.35721538253115526
20230606,26.22228381374723,-0.31750020890376973
20230607,26.031917846239246,-0.5605205600158136
20230608,27.120133481646274,-0.17963350516022913
20230609,28.537735849056602,0.29873186867521184
20230610,28.141701534170153,-0.19086450354060247
20230611,32.2258876153201,1.1306009349696566
20230612,34.584097859327215,1.3381285033831816
20230613,29.828555524631227,0.5151816729834309
20230614,26.650665926748058,0.08839258292982777
20230615,23.802665154522256,-0.4739240467320016
20230616,25.224893917963225,-0.473263133013333
20230617,24.745728929384967,-0.48513894354073983
20230618,23.20508426163953,-1.28868619338294
20230619,24.674141356798184,-1.4157080717898651
20230620,23.657932213044717,-0.8815176159409255
20230621,24.78587319243604,-0.2663989620445726
20230622,28.644641865630206,0.6917109587297006
20230623,31.012218828103304,0.8267607014485847
20230624,28.08786610878661,0.4774481684859495
20230625,25.018435754189944,0.2590502132214887
20230626,28.14424680377988,0.495729349568812
20230627,29.524471635150167,0.8380770603007761
20230628,27.4356408117876,0.3785382313359378
20230629,25.437899416504585,-0.4581060641608019
20230630,28.175931072818234,-0.40518396504072385
20230701,31.95740534521158,0.5527913194892804
20230702,35.60807799442897,1.512806034319862
20230703,34.19277777777778,0.8640758534282718
20230704,29.60177481974487,0.01104331208495779
20230705,31.056881243063263,0.5173200616108069
20230706,26.805833333333332,0.19541913097553731
20230707,27.324632046653708,-0.12161414659493275
20230708,26.131674587643275,-0.8322472510811849
20230709,23.115921787709496,-1.7845937438170694
20230710,26.07826810990841,-1.159215666838481
20230711,27.621561544873575,-0.2828876106959015
20230712,32.06437291897891,0.1439273822736702
20230713,29.760610263522885,0.42211099002707897
20230714,28.390352093152202,0.1522457209283523
20230715,32.354613883468076,0.8889913279749742
20230716,35.03846153846154,1.7032199643931456
20230717,33.10873786407767,1.0043528220241846
20230718,29.487094088259784,0.26650464905516813
20230719,29.024173381494858,-0.4343142196405765
20230720,27.988611111111112,-0.25314273605882676
20230721,26.59539016939739,-0.25642313196497213
20230722,27.87458100558659,-0.640004696840208
20230723,28.751957494407158,-0.8980720062934857
20230724,29.92239221140473,-0.4551922360961349
20230725,30.05595768374165,0.0812662279259797
20230726,31.910580394334907,0.41234385897714887
20230727,28.868501529051986,0.1256986311344086
20230728,26.905990016638935,0.04437140674879814
20230729,28.130471145804293,0.03655573431680992
20230730,29.07604137545429,0.046297697292452256
20230731,28.32582081246522,-0.22808162841993607
20230801,29.15266106442577,-0.12904237418797848
20230802,32.183055555555555,0.038925023031517014
20230803,33.29333333333334,0.6321188291830531
20230804,28.72222222222222,0.2594617436547537
20230805,30.164525139664804,0.29057914198007495
20230806,33.64399664147775,0.6525650380033525
20230807,39.32107023411371,1.570749917378354
20230808,37.24944320712695,1.1566831632430237
20230809,30.402167871039467,-0.2544125263594381
20230810,25.03789356366676,-1.1793485385237972
20230811,25.64599555061179,-0.439460953087206
20230812,26.466201117318437,-0.528332003192336
20230813,24.51889168765743,-1.3035864219743374
20230814,24.9021193530396,-2.059850125867726
20230815,24.622937062937062,-1.8037865920271265
20230816,24.69344080044469,-0.8155324386563976
20230817,25.65591995553085,0.08828948455201413
20230818,25.334165972800445,-0.044547082544479366
20230819,27.10483645513,0.09123361968736887
20230820,23.98462828395752,-0.0763233433856989
20230821,23.703168426903837,-0.1712787037336838
20230822,23.248750694058856,-0.19631233841117535
20230823,22.305833333333332,-0.3410867810159033
20230824,21.642678521811614,-0.5733202048170369
20230825,24.082986400222037,-0.17873993893977058
20230826,26.590896397654287,-0.0734200082108174
20230827,27.463455614673762,0.4969753329594617
20230828,30.18940879798263,0.926605767296973
20230829,27.853014726312864,0.6577520046077154
20230830,24.59221140472879,0.32662543877077965
20230831,24.27482614742698,0.3760210893736229
20230901,24.107640825432238,0.003522060744316491
20230902,23.103680809216073,-0.49817365549117554
20230903,27.040483553556367,-0.06042458015962637
20230904,33.169269380925826,0.4256943689918842
20230905,30.991352859135286,0.44833401897463077
20230906,25.666852678571427,0.1535201819775196
20230907,25.53638137719543,0.18022217568120524
20230908,23.993589743589745,-0.016293011691782766
20230909,23.931748251748253,0.11829534893317017
20230910,23.77927548441449,-0.4658868670202736
20230911,23.386781929726716,-1.3974982073141575
20230912,23.41381230854915,-1.0825057929408715
20230913,25.77257525083612,0.015103224609237742
20230914,24.603285077951004,-0.1332994713206297
20230915,23.949846753970466,-0.006248998517044413
20230916,25.02298206278027,0.15589054443314865
20230917,24.913323983169704,0.16200692839360187
20230918,34.14472950362521,1.5368496534140732
20230919,37.333333333333336,1.9885030035405968
20230920,35.32868922377026,1.3651591389905917
20230921,33.249359521776256,1.2351534919750335
20230922,31.2344592676696,1.0406589305284513
20230923,29.176774935326243,0.5933989817922765
20230924,32.2104961284772,1.042453163615363
20230925,31.166433956995252,-0.4254707923757124
20230926,28.71715481171548,-1.2308826459454068
20230927,27.34066239910938,-1.1411466892372708
20230928,27.46767001114827,-0.8259556443754263
20230929,27.097335203366057,-0.5910177234719356
20230930,27.976966292134833,-0.17140123474163005
20231001,27.50055928411633,-0.6728481206229802
20231002,24.25779510022272,-0.9869484081103614
20231003,30.120967741935484,0.20054470431714577
20231004,33.185988323603006,0.835046560641949
20231005,29.83630289532294,0.3383761263106635
20231006,29.49818790075272,0.34297895676952095
20231007,37.623565631122304,1.3780856198553515
20231008,29.01906363891225,0.2169291935422777
20231009,25.821070234113712,0.2233250191272873
20231010,25.063125695216907,-0.722548863816943
20231011,33.55632823365786,0.05290570143640494
20231012,31.270526022822153,0.2048890182141747
20231013,30.94769059543684,0.207071813526305
20231014,36.61783617556612,-0.1436756365080285
20231015,36.31642376681614,1.0424800182719878
20231016,28.239185040468882,0.34544497233645544
20231017,26.337300435413642,0.18202496288524372
20231018,29.27632311977716,-0.6114293019829553
20231019,34.92316258351893,0.5218052229566865
20231020,45.65785813630042,2.1014525058376528
20231021,36.05875737981445,-0.0798683993930922
20231022,26.80793025871766,-1.3583562154426474
20231023,21.892277560156685,-0.9067010686160266
20231024,25.45822855546242,-0.1255816971358854
20231025,28.45800671892497,-0.11690234297888935
20231026,27.01489182354594,-1.1297529657104235
20231027,29.08154020385051,-2.368045418921419
20231028,30.224460839954595,-0.8334709342656978
20231029,34.24012503552145,1.0617421109719736
20231030,33.42300084769709,1.647246183934346
20231031,32.1589946342841,0.9572522969745201
20231101,30.794747359406223,0.33382009149732284
20231102,40.57155025553663,1.9366654902843834
20231103,38.50595575723199,1.346345079054501
20231104,36.639451898372826,0.9164272940597513
20231105,36.0501002004008,0.2585678806970435
20231106,28.698521046643915,-0.6749256858647428
20231107,24.62638612453796,-1.0760869299637292
20231108,28.195379349686252,-0.37133828710285144
20231109,29.056550156294403,-1.6450000141774623
20231110,31.808777429467085,-0.9567397611092723
20231111,30.18140200286123,-0.9225785565016587
20231112,29.207736389684815,-0.9774805443879941
20231113,33.02621829581077,0.6182424641666913
20231114,36.48577120091064,1.6941978680532408
20231115,34.28376844494892,0.8697698707518065
20231116,25.503695281409893,-0.5075506964120677
20231117,32.428205857264714,0.08848977539966185
20231118,33.288971216870905,0.44393845914423835
20231119,33.63077806488659,0.6318630964574012
20231120,29.821550741163055,-0.45780965066396817
20231121,28.477045908183634,-1.1441036132467097
20231122,41.88292404340377,1.0855936569221178
20231123,45.13201133144476,2.8040451500049812
20231124,44.509519749928955,1.7259019846663222
20231125,37.880434782608695,0.655923366533969
20231126,32.1751574127075,-0.20794580745415914
20231127,32.7278930907023,0.4151917642198981
20231128,36.26576194515126,1.112673719566807
20231129,31.50070641424131,-1.483173947023218
20231130,28.445544554455445,-2.3837809681413233
20231201,26.229255774165953,-2.611466282251861
20231202,29.98795526240321,-1.1274970743150696
20231203,27.58196956646569,-0.6561696923202582
20231204,28.473278079451273,-0.6078021444644328
20231205,27.291226064589882,-1.2820765543659114
20231206,26.30723063732495,-0.7419251109880527
20231207,30.82875929102344,0.3404592480811459
20231208,32.12952326249282,0.8428953554752674
20231209,32.94026421596784,0.42175842193780255
20231210,38.36324541284404,1.5401822637683367
20231211,31.21817660550459,0.3921283608647528
20231212,25.46641897685053,-0.2606867268199018
20231213,30.717626925270963,0.6300566125637168
20231214,31.435105774728417,0.08662092624356532
20231215,33.62049227246709,0.21299557285346893
20231216,39.26519495412844,0.9035615340229413
20231217,39.203259005145796,0.12000194175739409
20231218,34.76137656427759,0.5061714226818594
20231219,35.47422386784392,1.4296864129990539
20231220,37.7292377701934,1.0016586921317767
20231221,48.71310776229741,2.4682859982241396
20231222,53.0,2.768501103933275
20231223,47.17308798159862,1.1296990039243084
20231224,42.972429638139,0.5384529475704554
20231225,39.83692838654012,0.7250788317517944
20231226,35.10157819225251,-0.053235096513056135
20231227,34.10974564161189,-0.5170703040830702
20231228,36.468499427262316,-1.749229762147877
20231229,35.03666571183042,-2.566190612595655
20231230,31.59464902186421,-2.225491279962057
20231231,36.345165945165945,-0.9467519561390105
20240101,39.200471003826905,-0.09092248324473928
20240102,41.646266471449486,0.9349554684567067
20240103,45.789689513766845,1.6685634103078542
20240104,40.22355698798711,0.5364367943892532
20240105,30.155672823218996,-0.6972846983730605
20240106,28.3546477205447,-0.4628573287599309
20240107,37.19639160011831,0.12160366499319508
20240108,38.76560210958101,-0.062124127749406455
20240109,34.478298863967375,-1.0239953724974455
20240110,30.038562664329536,-2.250160978491053
20240111,30.176658905704308,-1.4352711546118258
20240112,31.27293844367015,0.1596093743501683
20240113,33.65609543206285,0.7573496730740175
20240114,33.52511682242991,-0.5244678253840505
20240115,34.489398780133605,-0.6108861899210609
20240116,31.015711376200173,-0.4946553553953166
20240117,32.23831640058055,0.31425053375014755
20240118,31.49985486211901,0.18902799377352153
20240119,34.833333333333336,0.5086278413804592
20240120,33.22586307782329,-0.061461764891362236
20240121,37.01458576429405,0.49849556312344845
20240122,47.65014492753623,1.8801065924860936
20240123,41.45005807200929,1.4906209565441557
20240124,43.3874883286648,1.5927388468691746
20240125,36.1292538245395,0.6613427089172177
20240126,35.938240798502804,0.15784392359563526
20240127,39.56586733104952,0.9057148933180272
20240128,33.673634945397815,-0.4772786884137403
20240129,33.78202736318408,-1.9811596520503159
20240130,29.48054777466542,-1.709930042477687
20240131,34.822305063684375,-1.223597609282919
20240201,41.49405134627426,0.7663996459621103
20240202,40.059412132582864,0.588738762011431
20240203,44.92823566280163,0.7660526188217318
20240204,44.55754716981132,1.5548446034876449
20240205,42.903165151989974,1.3030196841151351
20240206,38.92646592709984,1.3494168789191932
20240207,33.19686028257457,-0.2322063973014039
20240208,29.980564263322883,-1.644783868993052
20240209,34.53710691823899,-0.7889007449062575
20240210,34.54726525450522,-1.4829957726137764
20240211,33.80493983533882,-1.536086762067498
20240212,31.789540012602394,-1.5876607341982307
20240213,32.7906830343091,-0.8765404132558245
20240214,30.526861451460885,-0.3814284044448044
20240215,25.546968268928683,-0.633370856342033
20240216,27.598430141287285,-0.9912395395645284
20240217,28.16090509113765,-0.9123371661953641
20240218,27.13609281906554,-0.9526924308961817
20240219,29.111944965603502,-0.3825135781427029
20240220,32.46139418568303,-0.04704126408943665
20240221,32.70821618244299,0.3116221044260108
20240222,41.88,2.3332902472959063
20240223,46.65685660613651,2.722632352121316
20240224,37.95287464655985,1.3988527936317396
20240225,33.50785175879397,0.9102512771040665
20240226,33.20543240711832,0.5847839202164025
20240227,33.52875,0.15247940204528732
20240228,33.8645443196005,0.16518973387964309
20240229,37.13784461152882,-0.6774507697816006
20240301,35.67278382581649,-1.5691532543314324
20240302,31.504527005931937,-0.9211925200897042
20240303,31.904032510159425,-0.22911703551921647
20240304,30.781434337162374,-0.3462854385651397
20240305,28.70431275209432,-0.6892053211293785
20240306,27.384902143522833,-0.9256631680110949
20240307,29.045539613225202,-1.1560435711862347
20240308,30.239414694894148,-0.7761955901317599
20240309,35.71941323345818,0.6021266039323159
20240310,37.65606485812285,0.8217189068519168
20240311,30.0465693883887,-0.10498070696766604
20240312,28.814941103533787,0.01580405020563802
20240313,28.920881166614954,0.2194255747274454
20240314,29.52420856610801,0.06838127898326007
20240315,29.0679913070475,-0.16734619826381092
20240316,31.490665836963284,-0.6041067709278387
20240317,29.169987546699875,-1.212296758774709
20240318,26.542378143433716,-0.5005987492792805
20240319,25.40552280484021,-0.48705975695622783
20240320,20.466604535570053,-1.2077538044349865
20240321,25.7027950310559,-0.5459162192931579
20240322,30.79384328358209,0.2465502823620831
20240323,35.767528825179184,0.6109804268879842
20240324,33.32478899656142,0.593543064265937
20240325,26.108661906240297,-0.06195946245620121
20240326,30.79001240694789,0.7692128003010978
20240327,38.25287713841369,2.540896086120515
20240328,39.549549549549546,1.9781077883562332
20240329,36.73787313432836,0.8491471215351822
20240330,31.24758341128781,-0.6457064876987602
20240331,30.885562831306515,-0.34846088075070725
20240401,35.96248827758674,1.4076894816209276
20240402,38.13441194772869,1.049199934397251
20240403,36.61741835147745,-0.23363696956231905
20240404,34.67070518794657,-0.6969777659432808
20240405,34.449239366656315,-0.3269476810960086
20240406,31.792382141742117,0.07782839006489439
20240407,35.680325304973415,0.6849660676667071
20240408,33.17270455965022,-0.39854053113378995
20240409,34.865625,-0.4669695639612428
20240410,40.316463605123396,0.5284350362351375
20240411,37.760286783042396,0.4413687992994042
20240412,33.294135995009356,-0.16501476737813903
20240413,33.75836198812129,0.2808542637684539
20240414,36.17825814536341,0.07113326291285915
20240415,37.581744295092214,0.6298628193488582
20240416,38.24230043997486,0.48238220571069235
20240417,31.63256981487292,-1.2405562557500716
20240418,31.727899686520377,-0.8617695852174307
20240419,37.628846751631954,0.6192443938032284
20240420,35.49173682569379,0.2476249767960752
20240421,31.982828598189197,-0.5993470781677459
20240422,32.28718108276291,-0.7563661731899032
20240423,32.79344773790952,-0.7784075288664738
20240424,30.241573033707866,-0.1987138258807235
20240425,26.878683385579937,-0.6927451858486293
20240426,25.93701278453383,-1.6702619952997395
20240427,29.347296030009378,-0.8777772565263433
20240428,32.894209702660405,0.1301973006387449
20240429,32.521617418351475,0.03349090508407926
20240430,32.35696517412935,-0.06235465196859025
20240501,34.63337988826816,0.6274009792228945
20240502,35.12199372603695,1.1776157629224286
20240503,31.794701986754966,0.8368127431744483
20240504,27.92941998602376,-0.2025537205693695
20240505,28.689340813464234,-0.600695555599458
20240506,29.988145048814506,-0.3619246242195686
20240507,29.994757077944776,-0.3374582994549371
20240508,29.177312390924957,-0.7794382139061682
20240509,27.020251396648046,-1.1573917613412732
20240510,25.43516253058371,-0.9085056365958941
20240511,24.501401541695866,-0.489716920618271
20240512,23.667717086834735,-0.7173748180899295
20240513,24.506284916201118,-0.7831228760876243
20240514,28.092082316009765,-0.27181068027643107
20240515,30.304942166140904,0.16108996788799246
20240516,30.326923076923077,0.4723816686107192
20240517,29.54291695743196,0.5868220609783208
20240518,24.388675288360712,-0.016103750476453627
20240519,24.687346652646337,0.1456613665445161
20240520,23.649930264993028,-0.12233637874401282
20240521,27.369853454291697,-0.10317555167400982
20240522,28.532749562171627,-0.25317037199560843
20240523,31.684136967155837,0.19388769860468003
20240524,27.869762569832403,-0.23902205537136467
20240525,27.065286065286067,0.382372968132195
20240526,27.748681898066785,0.4373336064886324
20240527,26.95772187281621,0.4725416582604538
20240528,28.663991625959525,0.1848768816668347
20240529,28.86192468619247,0.0470250177172602
20240530,27.587700908455627,-0.5852051512428851
20240531,28.563655388908266,0.09912754558226311
20240601,29.17864923747277,0.30190902459809976
20240602,29.157491797302225,0.20125855703363982
20240603,29.813362381989833,0.40794864416766075
20240604,33.32813067150635,0.6663055779352582
20240605,32.15602322206096,0.4705855051240704
20240606,29.02285092491839,0.20502143092324943
20240607,27.953210010881392,-0.0872064825752652
20240608,29.617903930131003,0.06275067037974935
20240609,33.184766763848394,0.5753249952208783
20240610,34.10377358490566,0.6129158861308319
20240611,31.788937409024744,-0.2198847517830842
20240612,27.918800292611557,-0.6053175613499171
20240613,27.146173376858904,-0.2680967925799216
20240614,29.24401740391588,0.1844010561477809
20240615,29.377955620225535,-0.034278329986499045
20240616,26.028010185522007,-1.022393796903767
20240617,22.30264588619065,-1.6858753855307178
20240618,22.411679361624955,-1.339608292485682
20240619,29.18589272593681,0.1810132047607489
20240620,30.532123411978223,0.48370714787418834
20240621,26.33393829401089,-0.4157255871292804
20240622,27.17782656421515,-0.31430415085863217
20240623,22.43003663003663,-0.5139962222121959
20240624,21.33199415631848,-0.13866453283887736
20240625,22.136064374542794,-0.03937356958316229
20240626,19.105494505494505,-1.440056888634615
20240627,20.671926605504588,-1.4085995437819534
20240628,25.393460690668626,-0.13435394333460948
20240629,24.71381093057607,-0.35200223337701075
20240630,31.802935943060497,1.3389856161462674
DATE,,0.0
